,af_in_pr,af_in_vl,af_ex_pr,af_ex_vl,af_in_pr2,af_in_vl2,af_ex_pr2,af_ex_vl2
Afghanistan,-0.10982404809008761,-0.019618648823483065,0.04689903123886543,0.016850930994054856,-0.06799081780350962,-0.059789047317923415,0.04105056716234302,0.027199203959044314
Albania,-0.010262810312670534,0.014441171638347846,0.0016312770204542396,-0.00020900086266017668,-0.009148866850338338,0.0157817777583706,0.021173243775013263,-0.022208401540612693
Algeria,0.018589075992413762,0.029774934667496627,-0.035675221459704774,-0.03940481547577007,0.017131941659643834,0.03058573305218578,-0.028891192238320186,-0.04991646509011911
Antigua and Barbuda,0.02769513883291704,0.006861185493183449,-0.01540602230323076,-0.0048449446559736846,0.031858579402906775,0.009435633484453013,-0.015411065363966907,-0.003906529959237859
Argentina,0.022035707250784266,0.014026052764513443,0.006932182726179109,0.0019925376781768788,0.021438528566423115,0.014498295424663916,0.0014567612501141373,0.004153395649897513
Armenia,0.01121604703840813,0.007786677434912814,0.04827221617384242,0.08674690178409619,0.009814440581719586,0.013293986459574494,0.11258663410113989,0.04850855200996861
Aruba,0.03139465899488567,0.030478843993783675,0.049188296908882885,0.07006075778742715,0.02968469963953125,0.03461025848745646,0.04047930678266297,0.08268643403812422
Australia,-0.023050014531963283,-0.034216556337929825,-0.005645705075804011,0.012116888541227675,-0.019373529452945182,-0.03434513687939467,-0.005977264833357623,0.013207070367689755
Austria,-0.024267910129238075,-0.03941433705749969,0.0029319718549309513,-0.004885427358871561,-0.02372351686165539,-0.03933626682870741,0.001493552346002298,-0.004015504563314552
Azerbaijan,0.001570909519643792,0.01612924698689743,-0.01686995093663662,-0.05434746232378215,0.012397191689809125,0.01434323863686078,-0.026204380607252428,-0.05374939502608883
"Bahamas, The",-0.05432594819012417,-0.06408686607662406,0.06976691075734545,0.15460517413319064,-0.057137447278347075,-0.0543928327482028,0.10116868822727311,0.1221080022085687
Bahrain,-0.025571157739468345,-0.021650732406460826,0.01668615008754124,-0.003395174337683407,-0.03411195712466208,-0.01529474876586082,0.009825116451608716,0.010946781448285488
Bangladesh,0.0806485831696528,0.033255593312151985,0.03180767050435352,0.06385081172359613,0.06741323893278925,0.04818334457608392,0.03439447715964949,0.055718466926736814
Barbados,0.007292967926110507,-0.02142011394862907,0.06471889545601117,0.044033372363316295,0.012036161447829435,-0.02343995110883641,0.06208491798615631,0.03344239916686123
Belarus,0.058446103874813395,0.054326642362459626,-0.02069243159791942,-0.042346972363901364,0.055318269813835856,0.0555222107068806,-0.03684283249297217,-0.029794076100063058
Belgium,0.0038204471513493656,0.02293250119774527,-0.017828751685552976,0.012619603918678293,0.01020732187076935,0.018336518130420393,-0.016339730847487643,0.008410767608490091
Belgium-Luxembourg,0.011055357007913076,-0.002826125987993168,0.0009764901637427778,-0.015111419116905394,0.008007316087770538,0.0006380049348872213,-0.0025559144335223403,-0.015147466724884207
Belize,-0.004832624501929548,-0.029627522092859453,0.038296766200570244,0.038330751828935625,0.006271698531290695,-0.029548760689225895,0.03837850096650952,0.0402238600677178
Benin,-0.03172297565439996,-0.018747019297980644,0.02157907813238053,-0.002004765092267844,-0.03514889004862464,-0.01901282484982379,0.0155879898975386,-9.299392598556555e-06
Bermuda,0.01182950756390064,-0.04771163172989237,0.07580588797941216,0.10351321925387996,0.025843445611601554,-0.033341139967480296,0.06673943682709454,0.10567828298448206
Bhutan,0.025788498641489483,-0.06612684875289133,-0.002885567867986792,0.022729348555961443,0.028888624556679048,-0.04961578784035606,0.006172991270820716,0.012918879285859204
Bolivia,0.009453957147610562,-0.0037204668329081877,0.05177501349532105,0.07465646397998751,0.009768876959586155,-0.0052668965963888256,0.054472557084196425,0.07136680071778047
Bosnia and Herzegovina,-0.011071010711642734,0.001505560480112669,-0.01091993016670981,-0.0017106902819541215,-0.010577097516022786,-0.00010891577376006109,-0.01769453246584132,0.007058053376662948
Botswana,0.005895329811785731,0.005238513102502247,0.029391517544369545,-0.044703704172496306,0.00305225223188759,0.009327891457831987,0.016715154503390242,-0.045700581746704556
Brazil,-0.03588576653428223,-0.045329070788891306,-0.02971444158652117,-0.022731369041350973,-0.03379087837730265,-0.04634037621540966,-0.030743952968951715,-0.022438035202951942
Brunei Darussalam,0.049375374720161035,0.06936900478406549,0.14009555983378746,0.1683347705409173,0.054780290711990955,0.05836558805471133,0.04953168833475942,0.21619367602132056
Bulgaria,0.055412187737954595,0.08271447100925072,-0.007452351754038913,-0.014963651081105379,0.06356584758611412,0.07406827597696625,-0.011312125790897295,-0.011664426180926033
Burkina Faso,-0.010194357102027126,0.016896948012400832,-0.08161676397345251,0.026358084293636362,-2.8530041508709365e-05,0.005960968828339521,-0.06755673578235324,0.017466215611228263
Burundi,-0.02532414660829225,0.0034449165590105728,0.05490935483343844,0.0014921584836251648,-0.03224168056429282,0.0029740019777469073,0.056733419758508985,-0.0006125223966928605
Cabo Verde,-0.06154002349314668,-0.06911622830008786,0.0017926563464632436,0.11732108921934353,-0.06493746280699278,-0.06943704164256105,0.05955687278290338,0.05955687278290338
Cambodia,0.051176492550684925,0.0614058448781383,0.0721257070203488,0.10225038436459849,0.0595558728168215,0.05385256635304942,0.08220967692268684,0.08604003998820639
Cameroon,-0.030014610409323707,-0.016570978625505495,-0.007156977250541595,-0.0078604677459185,-0.030424743565249816,-0.010618133442050521,-0.014177797771642697,-0.004582687042522179
Canada,0.005157870834913655,0.0061280534841331065,0.006723987870686869,0.005986856546641523,0.004217045306319278,0.009084099558687725,0.0047179370443635954,0.007296039862306275
Central African Republic,-0.0029702443706490188,-0.0389907197147329,0.21204605263930756,0.07504508319033845,0.0025430263691615784,-0.029883633971649493,0.14354556791482298,0.14354556791482298
Chile,-0.05332203380739447,-0.05974012403566406,0.01624492627310877,0.022085801919146324,-0.05428263372664878,-0.057876696506910755,0.014949051445333707,0.02213183133209813
China,0.05562633855506553,0.04360575385505635,0.018348558822326638,0.0286092940492335,0.052537313212386944,0.04711318767971935,0.018316381474275913,0.027655052880436442
"China, Hong Kong SAR",-0.019876758597163636,-0.01288063540040142,0.010983647717685622,-0.005398626668003311,-0.01831872922763362,-0.012989608040376126,0.00821164094967787,-0.0032218322228923396
"China, Macao SAR",0.014141299182906186,0.02037621330882674,-0.05308393372502535,-0.014384642983358502,0.00785265113968123,0.028196536814187344,-0.04962892270808558,-0.021480988458889294
"China, Taiwan Province of",-0.035840970795434,-0.028571028817779013,0.04094240836746109,0.050475196556238715,-0.03866033000975131,-0.02587513088889413,0.04439566101663171,0.050429831759255125
Colombia,0.023283244005505507,0.01592243066689012,-0.014284859243556365,0.014320365233409725,0.023849630307642616,0.015822635863466678,-0.010559623333861895,0.009207919217593319
Comoros,0.005267140073647492,0.059281024056461795,,,0.027950635139300926,0.036037408033149726,,
"Congo, Dem. Rep.",-0.029246333643141286,-0.042048345222807926,-0.0023593418991136204,0.09786963840413268,-0.04577721364672338,-0.024149037130913487,0.04994534337538583,0.04655166087356575
Cook Islands,-0.029691182474575615,0.1479147908774804,,,-0.040510942735628754,0.11118870113651,,
Costa Rica,-0.07839604435628297,-0.08147756164165462,-0.007758970164779114,-0.01581302664162136,-0.08096956843981751,-0.07742834589515936,-0.014603879842853659,-0.008954864672638672
Cote d'Ivoire,-0.0037771177304432397,-0.008902135076778608,0.04236804672594962,0.0158328040805396,-0.0027050413627903716,-0.005792097632893019,0.03833576946195997,0.020884048946847575
Croatia,0.0050538282495272945,0.028829556466017273,0.03673124943942196,0.07333503915268932,0.010243279329234698,0.022681309154393686,0.04309079107375991,0.06823583646876807
Cuba,0.06592906208222477,0.05735445747895216,0.04139327578967465,-0.09488620126579798,0.0884618075874371,0.0422581500112349,-0.026746462738061673,-0.026746462738061673
Cyprus,-7.697550033819751e-05,-0.025522516365916865,0.005602754525920354,0.020137701905471924,0.00011654438489161611,-0.02440670702028378,0.010584400820046184,0.0157554336260685
Czech Republic,-0.024193378634337626,-0.022801123091942696,0.01034893729876333,0.007512316701217368,-0.022493455411005277,-0.021703389241981324,0.012178948302063593,0.005585419346582628
Democratic Republic of the Congo,0.12419264470914944,-0.06360714632188902,0.009914971182242037,0.023765979751505815,0.059071490462584544,0.021967514268333266,0.006072594120709343,0.024454987169936656
Denmark,-0.008384038702109568,-0.013418066128281263,-0.023034442435347795,-0.022060096205522805,-0.008140833674753371,-0.013178299638152374,-0.021109447234440006,-0.02377039906748632
Djibouti,-0.02382524081556984,0.007167415739012398,-0.08705461182173455,-0.05205560092060246,-0.028569620947660492,0.014003417768404715,-0.08044151786851071,-0.06207765944702033
Dominica,0.008308066555425826,0.03216442848912405,0.19946494090621533,0.24948881061986253,0.0240027829709742,0.023434989706638227,0.20969463722866521,0.23036516594444736
Ecuador,-0.008703113896451339,-0.016565021238779547,-0.0027755125936063016,-0.003916825915163351,-0.010363571403222804,-0.013832482745083715,-0.004388325690878579,-0.002321178618693119
"Egypt, Arab Rep.",-0.019843583687200635,-0.0331890826309071,0.022913324502575248,0.0014607814015698323,-0.021665705949731873,-0.02885873849854542,0.024135663168838174,2.026317461439259e-06
El Salvador,-0.013765799880488894,-0.012116827624917037,-0.0032370677125462743,0.010742672981416285,-0.0129008068487026,-0.010434102553112666,-0.003485864309562498,0.013215884706658947
Estonia,-0.01736079092360635,-0.021692902244103626,-0.007694279925771438,-0.023667685053297065,-0.01542077737741961,-0.020342753857382278,-0.010373578747446497,-0.021278338414350725
Eswatini,-0.021627606467792243,0.009122889479371786,0.06103400942471063,-0.0035254868239096787,-0.0210377647599783,0.005816389000862946,0.10842613376916635,-0.0021007076954157014
Ethiopia,0.01737928689907653,-0.012784288655771468,-0.012036653457704804,-0.015106306591638604,0.009479192930711101,-0.0024260192947454205,-0.016578514045089757,-0.010781552245101805
Ethiopia PDR,-0.15353400898989195,-0.14184766452525818,0.04923460528465706,0.06686551024002742,-0.12772437251394736,-0.17568848175435603,0.06359213734514989,0.04761861168874774
Faroe Islands,-0.06610382114155137,-0.038694545659511345,,,-0.06192734252286325,-0.04508273258621556,,
Fiji,0.013025136098110474,-0.026032872264311405,0.01519270499361972,-0.00814380661013585,0.00869656027091583,-0.02256913781376315,0.012145217336056216,-0.006662870078140639
Finland,0.007578770902041962,0.0032673528493504488,0.04000082180786255,0.04911375681719235,0.009425972107158898,0.002324396662593398,0.03868755613991511,0.04873060290907417
France,0.01565391476297545,0.013812595724025833,0.017690799726046903,0.051840794509791156,0.016248213967335137,0.014100317954077997,0.01755290169448001,0.05036676676141889
French Guiana,0.0009660878083372666,-0.007677179016708058,0.024078173794513043,-0.021665550514164255,0.0039007972778799726,-0.007316973522608243,0.0038603365558068496,-0.002826319665781236
French Polynesia,0.00021567324888375908,0.014419044358833498,,,0.0009939494755302827,0.015527379448764034,,
Gabon,-0.04067612402038267,-0.03401320845409639,0.13084552929787363,0.17184998030914894,-0.04211743359735239,-0.035335294435645245,0.13842541139458633,0.16187767099902903
"Gambia, The",0.10687306979284401,0.10604588147918922,-0.11086180308264107,-0.08560574211963867,0.09308525104890285,0.10184608349549164,-0.08889945268589658,-0.10088562411767912
Georgia,0.0017688252920065942,0.0017114299146032625,0.1272936751038206,0.09967647409055698,-0.0030988338227253037,0.010473050896586449,0.12761530666074342,0.10048553868119627
Germany,-0.023279255226769012,-0.025246382313790745,0.02581297610549156,0.02095977887443493,-0.025601426317445823,-0.022048460077523528,0.02634596890020943,0.021617210129602344
Ghana,0.0016241992117103185,0.01011465489235474,-0.07159718538700637,-0.015107737452117756,0.0006250090719953453,0.012373823973903565,-0.06726996873925131,-0.020371520197331634
Greece,0.014487646270300738,0.0003319880099959332,0.029239033484650206,0.00801616002933617,0.013737078124195385,-0.00020968493237667684,0.02511626396488633,0.012765701058167381
Greenland,0.04806189669630785,0.01553180431858401,0.023888821597394406,0.03585564427878784,0.054285698409794775,0.016960081182665697,0.03596689715282427,0.024641261094355736
Grenada,-0.09074260642090391,-0.013043338097191874,0.08958049179525318,0.2579321582959268,-0.06932518995753267,-0.030215180426163654,0.10103994881840683,0.24169260435023335
Guadeloupe,-0.018558660225299967,0.012016708084860597,0.08062837746170244,0.10471198483179482,-0.008637221942138328,0.0018994363426503569,0.07204425968622792,0.11850571626074302
Guatemala,0.029315921491586832,0.026585243107450786,-0.024605017405905677,0.004345851245287494,0.027211031700189785,0.032440274437955614,-0.023964061483477257,0.001925741779804391
Guinea,0.07362212727973913,0.0296421751551184,0.016244059664545323,-0.06270241409572058,0.0892162827279901,0.024524363456611863,-0.00839904162958832,-0.03699320023662785
Guyana,-0.018420911839223494,-0.024242808167205254,0.017820574597221816,0.05370877945358487,-0.014030416666511903,-0.02173286768787252,0.006867678034067684,0.0668719499877017
Honduras,0.009962666223608736,0.010946248508872094,0.014513536040160162,0.04681641890335577,0.011535920127630684,0.01334529839249002,0.011902706068032403,0.04767274229674262
Hungary,0.00029484570106741795,0.003156236369918547,0.035808452391945786,0.04124667782592573,0.000713416880091444,0.003436793945492201,0.03557926690547339,0.041490134299191114
Iceland,0.01238765984575614,-0.00443798963398036,0.044997463213564286,0.05849054387244514,0.014601195589219908,-0.006422782488511202,0.022974595688698574,0.05989239199199738
India,0.014737607786502793,0.021110848966552066,0.03209484689345017,0.011879269507967624,0.014689815492027991,0.020771199793563865,0.031265868400589855,0.012393543101816883
Indonesia,0.017654343714038845,0.00870185372466365,-0.004375928446672002,0.005920064127570542,0.015264134043861167,0.011863546641769366,-0.003330195271499249,0.003947442436076056
"Iran, Islamic Rep.",0.10183986277079264,0.1759904662176349,0.011774612752703117,0.025723553661850463,0.15202426615952555,0.13284476767096917,0.012151709783201016,0.026546546008070396
Ireland,0.011685015620219043,0.001855026467126837,-0.004743352217172575,-0.02415201646095512,0.0049269595717842925,0.007855590146326396,-0.01681261445905972,-0.01852714795051744
Israel,0.019933515863351597,0.040570252355011396,0.05811696522755295,0.06348199079220257,0.027644000467456614,0.03582641950452399,0.058203352172018503,0.06071708899140818
Italy,-0.008342049154426344,-0.04172787313473405,-0.010120387577024593,-0.00796093576366107,-0.008249277361935677,-0.04080387697732673,-0.010943979901321227,-0.007440798704154989
Jamaica,-0.004554847406013766,-0.07134393051625008,-0.04192578117982149,-0.03345945420076268,0.010596316393580902,-0.056055412343134915,-0.040914146519847906,-0.033253635134991986
Japan,-0.03060326978643534,-0.02627034505982073,0.002195842974115288,0.010080265465244664,-0.02847660130264216,-0.02560921305087428,0.0029772529195350173,0.0097331708342153
Jordan,-0.0035395024083277908,0.015855925487367147,-0.10386950394890287,-0.08685481270813339,-0.0018017904284653114,0.016778139190423022,-0.09858133899765989,-0.09010107872272217
Kazakhstan,0.04172504114517529,0.007479642259118139,0.056739951735726456,0.03733434075241929,0.0248028345777781,0.023001172667732554,0.05466751649702356,0.03881937951804653
Kenya,-0.02657163603791497,9.835048427239218e-05,-0.012409694137219257,-0.008799784926351792,-0.023056237843753942,-0.0018237572044670274,-0.01210718069248181,-0.012774736533741431
Kiribati,0.2199981739352907,0.09426067893017688,,,0.15878700934646164,0.12342815689196497,,
"Korea, Rep.",-0.0022271223894833286,0.0050765841552612555,-0.012011522815130092,0.00872006308879026,-0.004538238334653511,0.008028153660714764,-0.012192435621019373,0.009280132222444375
Kuwait,0.022135920697694624,0.0664875264079011,-0.03922955623533595,-0.03927010535798654,0.014961904267543081,0.06343047306102519,-0.047898663326196474,-0.031047905419504054
Kyrgyz Republic,0.0030525380665794577,-0.026459150445748935,0.05684141505205087,0.02606028743617045,-0.004962277369210174,-0.01706654522331636,0.045430664388499256,0.03283199944162968
Latvia,-0.05147772159121882,-0.07369001725470163,-0.017938529748204344,-0.021277946668477526,-0.054090748612326454,-0.06846678561207595,-0.019266253368214463,-0.02089146081020596
Lebanon,0.03925112032379711,0.0023654432161396522,0.0014398495591020153,-0.00399996981379902,0.03670525287683768,0.009253414530820127,0.0034932205518498436,-0.007101403170737708
Libya,0.059709544281267596,0.07472438351543703,0.03067784226934067,0.04114983414379674,0.053144859534099295,0.08612086290236992,0.030422213384615548,0.04148122600063566
Lithuania,-0.0560810934270771,-0.05804437460445033,-0.002370244567883265,-0.005121767757857278,-0.05285819721755659,-0.05776570729386545,-0.0059793284171229194,-0.001774529388359605
Luxembourg,-0.042639991088493576,-0.07502659589550577,-0.005823811445882779,0.004359253896209608,-0.040309617101800366,-0.06965840476999459,-0.017067362550933968,0.009838045274191857
Madagascar,0.06667456941076226,0.08109357214417463,-0.024300276028795822,0.02138001851792495,0.07018956487621955,0.07874751038493889,-0.030826800832292403,0.02725665801518943
Malawi,-0.00280802120657101,0.008299078382480271,-0.0199870173178933,-0.0008960880537329313,0.007737885974348051,0.01004526905738709,-0.014500179419601501,-0.007890889189449982
Malaysia,0.015514758615101232,0.01981874275844021,-0.00534118480571761,-0.020498347028933887,0.016089855953665015,0.019238513798160987,-0.005478061594337391,-0.020894060018532577
Maldives,0.0827393808743256,0.08324442418331976,0.006854433997018604,-0.11970407504264693,0.08557501362706203,0.08124950694979813,-0.06600410604694032,-0.05372124388980875
Mali,0.026457070494236075,0.01002794340654784,-0.024443173209585677,-0.07759158347025978,0.03231567066968274,0.00553996104694504,-0.025316839588943856,-0.08149707064564357
Malta,-0.022654211817075828,-0.0019489592275081836,0.018120055213857907,-0.030183451656216373,-0.017288333045072744,-0.003895027032531391,0.014763185847372172,-0.04456246067886841
Martinique,0.012791101737574875,0.012843868191994588,-0.07917665741875904,-0.10424755858417847,0.011197650950568534,0.012304125389343444,-0.1002804735501183,-0.08555458335208965
Mauritania,-0.022053425312536498,-0.03386884167234503,0.020107702323514717,-0.08859962639335525,-0.03043779412940304,-0.019716113190410688,-0.04885470360109275,-0.007061037710477319
Mauritius,-0.01800355832786806,-0.017935098506993312,-0.14111479986644634,-0.10186832196950212,-0.014417422017393811,-0.020236951225789123,-0.13460566534232607,-0.10297198667218349
Mexico,-0.012326423049158361,-0.03315105571644165,-0.019495321567239387,-0.016278209219377865,-0.009838289439066734,-0.03139808671058807,-0.01577836639954458,-0.02207273714285064
Moldova,0.024300724297618315,-0.004543640661086348,0.01742671176626913,0.02323562380129236,0.02168600014807845,-0.00044217906183470707,0.0187474677262009,0.02577822704836175
Mongolia,0.005342236637217962,-0.015946769650062385,-0.02826825909494353,-0.014407118452322582,0.0024386542025260434,-0.011133582172415947,-0.024822672066922954,-0.01574053934679844
Montenegro,-0.04663670015415584,0.026673036514533913,0.03095176767941052,-0.007297756422917061,-0.04003279501807368,0.023605949408971063,0.028082442832803894,0.003063752588782757
Montserrat,0.024980499107518293,-0.07954189563549792,0.015871256719343255,-0.011042003388627094,-0.015460536281059844,-0.02843076191897558,0.011019807227593985,-0.0007338438545147689
Morocco,0.009385800258438737,-0.0016302102476869387,-0.0454106804201551,-0.057784948291318666,0.006014935964282585,0.0002514549831060438,-0.036672734714737566,-0.06892155569101827
Namibia,-0.012754911761680403,-0.013183788957961184,0.050545174663564466,0.06976374127321854,-0.02052787610866511,-0.007405200341617035,0.05970710274703377,0.05772637518588086
Nepal,-0.039484082999052324,-0.050644851330182324,-0.023189451335822245,-0.049150155920888804,-0.04498557761250729,-0.04961459877380503,-0.023591410060640847,-0.046177899497511825
Netherlands,-0.01589854407533246,0.00806762689233129,-0.00522953695625379,-0.014437370909563072,-0.013258556401183046,0.006552261741153555,-0.0069736421544294965,-0.012303986593169464
Netherlands Antilles (former),,,0.057758752973718824,0.11293656086725172,,,0.07104128122356075,0.10297883506579965
New Caledonia,0.04727531995039708,0.027352154450561106,0.027878417712882613,-0.012824113533571014,0.045914659081347155,0.027459639598054635,0.008474220175808112,0.005963231284356718
New Zealand,0.0391540295251373,0.007471112225324349,-0.004422312235882579,0.0015854989609356193,0.036190485590688236,0.008408770731784946,-0.01198453154007312,0.006474988822680744
Nicaragua,-0.013118662501322379,0.017570851400024436,0.013391548089277455,0.00337518793622494,-0.009643617507109629,0.016787950391236105,0.011090005576436903,0.005731566425469007
Niger,-0.03850806966865962,-0.04034994561131722,0.0445374462413094,0.08059555014936591,-0.033561306738952384,-0.042431597007646774,0.04452875671588596,0.07846757392424732
Nigeria,-0.02623270560198914,0.016898292569757816,-0.049851514473992636,-0.04868731510745534,-0.0459788746771789,0.018010117314945413,-0.05224936592574133,-0.04466825798479713
North Macedonia,0.03083314930321225,-0.004776021933716654,0.10074583156584677,0.09330456484559495,0.02587126150730993,0.001486958515101922,0.10029611152914314,0.09350677459400339
Norway,-0.037555581488213426,-0.005639064412462547,-0.05214246050342936,-0.06380415775780497,-0.03606863300518262,-0.004658760261328101,-0.05268144089670178,-0.06326245570846603
Oman,0.029820481232425353,0.03383421014019247,-0.02926512384013356,-0.031040581975666462,0.030793014029915387,0.033498397499700495,-0.02244446445491227,-0.03694859156645925
Pakistan,0.028712556460172435,0.020811513175636287,0.005875225959667526,-0.004959207443944939,0.028004153400258802,0.02303811698281919,0.0009495139171173907,-0.004507424905018232
Panama,-0.028521498118022324,-0.019459354651446596,-0.0946970489502546,-0.02575967734760406,-0.03018226243340207,-0.015144841591330801,-0.07950099647808156,-0.04077188840322547
Papua New Guinea,0.05079110889096271,0.006699878950994341,0.053643592389430894,0.22233494605903426,0.05627333843818316,0.004771431451266039,0.06755026723516627,0.1947485605386265
Paraguay,-0.0015225787826308127,0.041829324456757966,0.02781121242652437,0.027707288150785492,0.007158675463643773,0.03462374165656227,0.029891022248020403,0.024770770351810207
Peru,0.007648148475723872,0.0046749095330770206,0.011645079780722009,0.009303973050327857,0.006352971377167483,0.007823812625250608,0.013903530547327349,0.008464103672432562
Philippines,0.013425458405707745,-0.007474439703529644,0.003281125736991348,-0.005063004898200268,0.010784640918350883,-0.0026243195712153285,0.002263959994347487,-0.0055896064376419075
Poland,-0.01813417219913604,-0.0035011320538529136,-0.004717597297770246,-0.019211334016395194,-0.009458243879142358,-0.008931217865699713,-0.0076795074137781215,-0.016220901210838818
Portugal,-0.021826354170660544,-0.01674422725261205,0.02005331134152233,0.011459294157696075,-0.01840802169687636,-0.01814131136582324,0.015701560588599863,0.01349283779478312
Qatar,0.0402477894689183,0.05640372397194376,0.03762950603021688,0.17966876350995772,0.04372612025851396,0.05218825427939939,0.04289639024065758,0.1749505355886217
Romania,-0.05516335096073089,-0.048046879426821607,0.016627884570435767,0.016225504347622762,-0.05510965385989845,-0.04592912718841862,0.013834079951610258,0.015882812893922883
Russian Federation,-0.005491984137296148,0.019443920100447015,-0.01114346697965215,0.007874370367430987,-0.00362269650334052,0.019444173587195752,-0.011634735941206824,0.00467021857955047
Rwanda,0.018210560033552863,0.03835759453111651,0.0769997589131492,0.16198256116328058,0.020058210305554512,0.03531940486434393,0.07942485696278785,0.18390095213196064
RÃ©union,-0.10864511139744581,-0.1299472551219786,0.05225729855729104,-0.00651177816677421,-0.10803601284576339,-0.1300413240325913,0.038228399808097044,0.0028266164163237213
Sao Tome and Principe,-0.06410767983837176,-0.131972529845245,0.1471176164335772,-0.02315619698807672,-0.07969891197006189,-0.11555959866841174,0.0954279078504683,-0.08057377479910309
Saudi Arabia,0.040653485370663406,0.07286649165496026,0.015610278272409083,-0.001580999342190945,0.04423804502884501,0.07028210096985378,0.016789474737343588,-0.003928387504502427
Senegal,-0.05486396481974413,-0.00021170807984722683,0.09021379524097183,0.07160996767455181,-0.045784542419087366,-0.005409654524354542,0.08999856822395706,0.07291085666857638
Serbia,-0.056430678202175504,0.021851645710446434,0.024625200665347166,0.046425155686064305,-0.053712762874059676,0.025253221721678213,0.03415507703067643,0.03459904996350692
Serbia and Montenegro,0.06605071187693631,-0.004460144076519008,0.0016589860851776818,0.009643600464060346,0.03864139050264888,0.01263598539949413,0.00235388904540573,0.007142937323038912
Seychelles,0.026209720946898045,0.04541221502053838,0.0,0.0,0.04288675349027825,0.028396077811274425,0.0,0.0
Sierra Leone,0.07661978411064847,0.0030069991674527285,-0.04333383068561887,-0.20835668507796867,0.09205115244051866,0.003304937333585445,-0.06113109005539061,-0.17445023499599172
Singapore,-0.019020279623363678,-0.010807455704053583,0.014168056679288344,-0.008795995873463858,-0.018387588010986194,-0.011487120776238334,0.012736558224314347,-0.00745114000193375
Slovak Republic,-0.12033746339485396,-0.1351058295444008,-0.006170144994807374,-0.012806918973659794,-0.12864917531876624,-0.12716682156101455,-0.008226679068404049,-0.00998701341247134
Slovenia,0.04122428336388709,0.015335142035799214,0.004082785763141155,0.003017494575498194,0.04317814735421178,0.01388232297185936,0.002311204349358767,0.0029647903753169213
Solomon Islands,0.06386296977503196,0.024245134423428034,0.049610902013701386,0.028858677979690148,0.05264914568925739,0.042537797626285206,0.039234789996695774,0.039234789996695774
South Africa,0.025648400133485166,0.011020941920739146,-0.016179741843756368,0.00040370095690878306,0.022892890545302903,0.01199717539694544,-0.019026772735810396,0.002610443906504037
Spain,0.016182449646078297,0.003697660231862565,-0.01342558088138787,0.03205603886580556,0.01427914179366869,0.006769458771126267,-0.009655082254168005,0.028539719926270763
Sri Lanka,-0.023239485523235032,0.001094651958930196,-0.008371041578001292,-0.03579679337700567,-0.023510212379208313,0.0013979868030450473,-0.011586032726539247,-0.03334863580664991
St. Kitts and Nevis,0.03613438942673006,-0.045656950171948964,0.13056626993845488,0.19591545320010456,0.03815922874933076,-0.04224143477552824,0.23951838139026904,0.13343164114679357
St. Lucia,-0.011942536578285154,0.09050761431115181,,,-0.01672796524294336,0.08713889462408494,,
St. Vincent and the Grenadines,-0.008445789880058813,-0.004601287123412484,-0.03128301025602211,-0.003089524225822481,-0.011108505837685467,-0.005744850613765526,-0.022527054247678126,-0.014167322273394796
Sudan (former),0.002667400994108571,0.022599242869510837,0.060388160587814266,0.047013679529975407,0.011675039130742814,0.009573978551225331,0.049964462174301616,0.05722918527651918
Suriname,0.03336786838265889,-0.006511769836530422,0.05897528146840906,0.05884661454464269,0.013318612181555858,0.01232528260718956,0.050595663271924454,0.06928958243346256
Sweden,0.01699308150638219,0.013544487242206311,0.009703178865993037,0.016863943399568183,0.016749180084282625,0.013497844424750532,0.010837452383870232,0.01511776831332915
Switzerland,-0.004064401917846508,-0.0022931160211174142,0.024226696541590407,0.010559654966554182,-0.003720552218855804,-0.00211425992254846,0.024114943999911556,0.010357181740679455
Syrian Arab Republic,0.0816963994710564,0.04550982663870445,0.016275610493380402,0.033393572072028116,0.07823497364820844,0.05671652166289037,0.01475800884746445,0.03366059881385873
Tanzania,-0.0067193719212399975,0.01687614090248282,-0.014646256013789015,0.021234363357078612,-0.008040018250740326,0.017535893926467663,-0.004499626289434674,0.013628596135269589
Thailand,0.015972269096368577,0.01255283832936309,0.016449984067784255,-0.007800348765131052,0.017796314324148636,0.011252998312354672,0.011645248837391719,-0.0034716722796854756
Togo,-0.061037949988325624,-0.03640832242397538,0.04905997643335879,0.050167214294378926,-0.05475502926531073,-0.04014082782919813,0.05323215294736127,0.047124024950397074
Tonga,-0.02956587830957082,0.019116109526715958,,,-0.032877042199497324,0.01015008387391154,,
Trinidad and Tobago,-0.005759069444611627,0.0005800694271044288,-0.014283928098505642,-0.014881940805227435,-0.0032638163923748285,0.0012752405026122814,-0.016055675473546707,-0.012146708954114687
Tunisia,-0.031841550983586715,-0.007569684026453509,0.01146839774164288,-0.0074920937874389,-0.026465232710661386,-0.01209893168806378,0.001293883278265057,-0.003469763526112531
Turkey,-0.014400814760017809,-0.013948857094762278,-0.03214590712648774,-0.06165471601305741,-0.013446634319295016,-0.012274683871561764,-0.02957320825464588,-0.06633169081003924
Tuvalu,0.07895371986637473,0.04321875046309328,,,0.12564508694325466,0.032349094042139,,
USSR,0.01063496650532253,0.015445624741187372,0.0146068956311836,0.0360264678618056,0.014345025510918633,0.015188946487948067,0.008653172120648941,0.04743878398370998
Uganda,0.03372258928207287,0.02239852374390904,0.007461137505873228,0.027329147783893035,0.03384806237137677,0.023977063375256822,0.004543937992253614,0.027962387882555086
Ukraine,-0.03250194169457131,-0.024789105058243922,-0.010497122093982663,-0.017124332082032193,-0.02415403529955409,-0.030044285045956694,-0.012036138406989878,-0.014927674579374373
United Arab Emirates,-0.025041857419708963,-0.04050339977680952,-0.001830816705865227,0.00665503477738528,-0.036183028282660956,-0.0240252046158022,-0.00015940141896873458,0.004564446787075262
United Kingdom,0.014877757447777844,-0.005094285040829744,0.03696041848351862,0.03269065207656658,0.014811510773670402,-0.005080374846569769,0.035263607320542144,0.032597987933811974
United States,-0.011972486532465373,0.010262703313844658,0.00668322344767033,0.03019521440555252,-0.0065377547103538545,0.007685577545846537,0.008737780541174762,0.027855155836144722
Uruguay,-0.022932238356679454,0.0009452794706102224,0.02236278139255656,0.018374930376514654,-0.020590878070917633,0.0009244045306516835,0.018114988127090594,0.020770511213600514
Vanuatu,0.2894918639178021,0.12018988867824562,0.11741246927285194,-0.4006647441631002,0.24940021126758471,0.15713988243470658,0.25903860671797607,-0.25903860671797607
"Venezuela, RB",0.014206734060567357,0.012046907832422227,0.017183303236758415,0.005947163226164475,0.019293700343775762,0.01071726069664627,0.013457266064587647,0.00682405689841543
"Yemen, Rep.",-0.009185294357854553,-0.008877001922545506,0.024488237088403492,-0.01260265906941459,-0.009872015277949607,-0.008907275373312012,0.01937267255536844,-0.00904594910248045
Yugoslav SFR,-0.0051847123610137685,-0.0978368183274944,-0.040316595419316904,-0.03370951540433823,-0.013922382434877437,-0.0908523845190631,-0.03406918816019804,-0.039480578557272286
Zambia,0.006439048990532506,-0.024825048501185904,-0.03418203772988607,-0.0556862788825892,0.010642366620438631,-0.02751048146118393,-0.03760234398137976,-0.05519283098481341
Zimbabwe,0.02244307848500347,0.04235270991494205,-0.020958161431747575,-0.012335138508419117,0.020708642155595706,0.042722412255965105,-0.022706977270483663,-0.008736173388480775
American Samoa,,,-0.035268702534063334,0.0702370650540839,,,-0.021976880137651113,0.0390942216479142
Andorra,,,-0.027530587258092806,-0.03138926550626356,,,-0.029459926382178175,-0.029459926382178175
Angola,,,-0.07215380078821877,-0.11805571469959732,,,-0.06406602947442831,-0.12086247589167814
Anguilla,,,,,,,,
Bouvet Island,,,,,,,,
British Indian Ocean Territory,,,-0.00382742474473427,-0.14623516872613646,,,-0.07503129673543538,-0.07503129673543538
British Virgin Islands,,,-0.04864827611346074,-0.05797232057754234,,,-0.05551680705638442,-0.04912074464963783
Cayman Islands,,,-0.3675064708238254,-0.19965937440755344,,,-0.37059916590251646,-0.1582569778432705
Chad,,,0.004799967858151074,0.011321989864674835,,,0.006500451010108614,0.008552130558443677
Christmas Island,,,,,,,,
Cocos (Keeling) Islands,,,,,,,,
Czechoslovakia,,,-0.032321178268292484,-0.042880634414288465,,,-0.025239903597397625,-0.05053900503860861
Democratic People's Republic of Korea,,,-0.0338561283810744,0.00022475481337314387,,,-0.026463565350165124,-0.004696978440517291
Dominican Republic,,,0.026692019749920266,0.02173724597513136,,,0.024368121744939835,0.024079927208937788
Equatorial Guinea,,,,-0.12145168364396038,,,,-0.07633599345667763
Eritrea,,,0.06367915680962988,0.23028687584380156,,,0.12093712106042287,0.15245118721422038
Falkland Islands (Malvinas),,,0.19216249933229554,0.13444374312191457,,,0.1806614561653331,0.1417996398547047
Gibraltar,,,,,,,,
Guam,,,-0.01948268526935413,-0.006143723335201808,,,-0.011591124494070168,-0.012575703379753713
Guinea-Bissau,,,-0.12880032865212837,-0.033485915669443825,,,-0.11651195910434084,-0.04479972534319345
Haiti,,,-0.00025039976395738547,0.00013851882575519422,,,-0.005602111152493174,0.004522935285227456
Holy See,,,,,,,,
Iraq,,,-0.0011392108489929754,0.01872387108512695,,,0.0017709066875535736,0.014907357606928056
Johnston Island,,,,,,,,
Lao PDR,,,-0.03151938000704114,0.005663117798859934,,,-0.03792726666942774,0.010731587346650783
Lesotho,,,-0.11630684071934436,-0.024384788485720142,,,-0.1274251083585544,-0.013095971978288217
Liberia,,,0.0036143297708664283,0.033049382779317564,,,0.001337468399252538,0.032277795289193154
Liechtenstein,,,,,,,,
Marshall Islands,,,-0.09441036770351484,-0.027122868032390113,,,-0.060766617867952455,-0.060766617867952455
Mayotte,,,,,,,,
"Micronesia, Fed. Sts.",,,,,,,,
Midway Island,,,,,,,,
Monaco,,,-0.13994233380262794,-0.29425670563127243,,,-0.21709951971695018,-0.21709951971695018
Mozambique,,,-0.03614689747141309,0.017169039992072598,,,-0.03053978070637806,0.016659227327218088
Myanmar,,,-0.02358319962756727,-0.009118878015047493,,,-0.021834426247275426,-0.01084661543206668
Nauru,,,,,,,,
Niue,,,,,,,,
Palau,,,,,,,,
Palestine,,,0.13707735598626422,0.3548245445224229,,,0.18741589419234747,0.2807794389619932
Pitcairn Islands,,,,,,,,
Puerto Rico,,,-0.019693899819345884,-0.030329801891867514,,,-0.022841385311456953,-0.029286657563644226
"Saint Helena, Ascension and Tristan da Cunha",,,,,,,,
Saint Pierre and Miquelon,,,,,,,,
Samoa,,,0.09616022022482971,0.017990554630118907,,,0.06348222836388785,0.03542697197629938
San Marino,,,,,,,,
Somalia,,,0.01778529773054636,0.019958239191181518,,,0.0529428931062014,0.011626535612559242
South Sudan,,,0.04683045490409235,0.18217752546594057,,,0.11450399018501645,0.11450399018501645
Sudan,,,-0.03954475079648437,-0.10901550279985714,,,-0.085714755146313,-0.06376781809634449
Tajikistan,,,0.0271582803017882,0.037095178704862404,,,0.030380921185132588,0.035166097305504365
Timor-Leste,,,,,,,,
Tokelau,,,-0.003987583846916144,-0.21011899766732672,,,-0.04978490378747096,-0.15068654495431588
Turkmenistan,,,0.06857245964888717,0.04650658289109781,,,0.05530312004970727,0.06671399218426277
Turks and Caicos Islands,,,0.05880290399111132,0.018324246701606175,,,0.03505939516433582,0.040481324669453866
US Minor Is.,,,,,,,,
Unspecified Area,,,0.02687466788859692,0.02613728875504527,,,0.02565576116463382,0.025959250075894842
Uzbekistan,,,0.007527734920167236,0.00917360769239021,,,0.0034452747525696263,0.008946532563782418
Vietnam,,,-0.04675882739906312,-0.06216590803401155,,,-0.04339170968352734,-0.06253219670395159
Virgin Islands (U.S.),,,,,,,,
Wallis and Futuna Islands,,,,,,,,
Western Sahara,,,,,,,,
