,gdp_af_in_pr,gdp_af_in_vl,gdp_af_ex_pr,gdp_af_ex_vl,gdp_af_in_pr2,gdp_af_in_vl2,gdp_af_ex_pr2,gdp_af_ex_vl2,pop_af_in_pr,pop_af_in_vl,pop_af_ex_pr,pop_af_ex_vl,pop_af_in_pr2,pop_af_in_vl2,pop_af_ex_pr2,pop_af_ex_vl2
Afghanistan,-0.023347319362367273,0.005249166519899992,0.03496690880640055,0.04269080288386906,-0.008742755118153544,-0.008132720633594392,0.037659490445453005,0.04081705094056329,-0.07171472176126904,-0.004859870416347367,0.04917267279741398,0.03980130335322617,-0.038859097838490314,-0.035297133005718115,0.04916757024712224,0.04248488047725014
Albania,-0.011896560946995812,0.0004324592289839931,0.0008230003480880606,-0.033216692972944585,-0.013109464598280251,0.0007259123847705557,0.0100218260736344,-0.03644878525364738,-0.024518242965694013,0.004430147778283715,-0.0019241202740215013,-0.031439293322765544,-0.022933870265986093,0.0036847060744532962,0.012450385721914084,-0.04247516464004973
Algeria,-0.01194246185148765,0.011010966717687587,-0.007044108934719846,-0.00904991362667207,-0.011609121361700683,0.010209068505990215,-0.007485542453018807,-0.011134468971597923,-0.006760491920052055,0.01951756937000568,-0.027621736969381645,-0.025709935337506953,-0.005614128099590605,0.018129223551324094,-0.020843921185859985,-0.03557637337776845
Antigua and Barbuda,0.006064607817162681,0.0059851989035207,0.014522148634860992,0.03364273368563591,0.00935798333008472,0.004514556723596669,0.014899776856703403,0.03145970120514043,0.020384894663230842,0.016474484906466868,-0.004006981648014167,0.02405035414037037,0.028793417477530076,0.013140978430907354,0.0008780071236965364,0.018270969361745173
Argentina,0.026484657994365026,0.029975181600064148,0.00048140217113340955,0.0033868810625424404,0.032058952115863064,0.024188840909101852,0.00038940710762384813,0.0022812266487684564,0.04054560460114666,0.03991194714090559,0.0049560249167542834,0.0043053617218912375,0.04492587556654928,0.035332923240677404,0.001798096634620672,0.004325463736664126
Armenia,0.006809334566855246,0.019850936716066834,0.014400591294043126,0.033020776099923786,0.010216846189322545,0.017392926326944752,0.035450399558280866,0.019652510376905238,0.017652742757832268,0.0451056022311409,0.04136327897736407,0.04149928672088063,0.024604979514365598,0.04196641136118936,0.07835248679036755,0.02807499833830696
Aruba,-0.0072374080427095476,-0.02233194523857647,0.020534790594580504,0.06007769395798473,-0.011641007406374854,-0.017300967069381768,0.02419830278498265,0.05381696922894815,-0.0022815176489137767,-0.021745771927217585,0.03657943345131331,0.07435411532234723,-0.006579751771515654,-0.017704447212310282,0.03338077470542251,0.0778740783388802
Australia,-0.024354223867779818,-0.02490943146891312,-0.006431502419490068,0.007138936705063641,-0.023181993292544997,-0.025168533893834496,-0.007994933444104181,0.00738419220509603,-0.032130402916510196,-0.030748423469816728,-0.007835844743139628,0.01153387722085158,-0.03062699939075058,-0.030784467785022862,-0.009310266730040937,0.012266730911625546
Austria,-0.017938823606671626,-0.021762428277763687,0.0016299089511259504,0.001288200990383121,-0.020010816222174356,-0.019479231284771095,0.002005749968975173,0.0007167913688958837,-0.023859445739418714,-0.027860384661056815,0.0010137405686241813,-0.0003923380287870298,-0.025380028153368667,-0.025802210198390053,0.0025083448344808824,-0.0019439006666928259
Azerbaijan,-0.00643949340319423,-0.005051122794634362,-0.006269035817285448,-0.01911785714872684,-0.0036204816520624445,-0.00300405146324459,-0.010437950530157933,-0.017421420635611667,-0.011129465514098786,0.002340648750704959,-0.0161459355436972,-0.03785185015302025,-0.004669583651255062,0.002817475281513559,-0.023680011053998373,-0.0402234605804359
"Bahamas, The",-0.0037245271469044682,-0.015357713340718846,0.02630692954105225,0.07577756625744812,0.00018526546262878502,-0.011434636616617791,0.041620977115819184,0.05691700138877285,-0.006343673904902017,-0.03503897492043166,0.05785575771430878,0.12956241312048958,0.00044781756123679487,-0.025979981729657414,0.0806236468475845,0.10154228360706426
Bahrain,-0.007725756055660668,-0.006775723181263979,0.005253974563849648,-0.0008443291008260044,-0.010925515632347354,-0.004960633011833994,0.003564500425510356,0.0037738502564735087,-0.027146659864661662,-0.02915923916249117,0.011419836971555165,-0.00043660725557325244,-0.03573060572399393,-0.022299148055952383,0.006853256542648568,0.008780423179510775
Bangladesh,0.028975378450522626,0.016831584378785604,0.010024801312089786,0.0241375904495622,0.02861276314674191,0.01888576812921233,0.012627853980400132,0.01903108429449746,0.06985885085434337,0.030510025911082074,0.026475834256668034,0.05891942466505062,0.06470677370250895,0.03928437924087181,0.030608575683463996,0.04896680507636762
Barbados,0.008969044410882176,-0.01504815629599293,0.036085002918233446,0.005130315197351259,0.011597415787027037,-0.015375384311872785,0.032914580274672756,0.005696772385276379,0.009655527070368552,-0.026168837264411465,0.06624677578918814,0.019604413317534257,0.015189824709892606,-0.02600224364481838,0.05964710916353649,0.019713540419387734
Belarus,0.017752222894426038,0.022247761919409133,-0.02652741718512145,-0.036862175413345084,0.019189392475603254,0.019555232001794216,-0.033898052569113,-0.03149654589159157,0.04886422479453538,0.04893714142914815,-0.027636968687395888,-0.03332473678740271,0.04812258037975864,0.04804229205315178,-0.035783350282573914,-0.02971306330003903
Belgium,0.0014404081438424722,0.013427228453244025,-0.00689835870591438,0.0033484042548734753,0.00529337683441334,0.009566235901979657,-0.008253883318249947,0.001940351676111958,0.004384148983340321,0.026209916270441534,-0.016219196017062912,0.01047008715065077,0.011608537052139186,0.02002843413197194,-0.016779160789932135,0.006720581664918224
Belgium-Luxembourg,0.007190954847791902,-0.01375389973816714,,,0.004447629764878765,-0.009320732678207242,,,0.006904940494631102,-0.015851477121621407,,,0.004096474551605429,-0.011304533841898888,,
Belize,0.004854324900471106,-0.011293171570124135,0.02003843488012663,0.02333244596653023,0.0104427990942977,-0.010917731608979731,0.0222204862174117,0.022134534067918436,-0.0050222540084120006,-0.030279413019898265,0.03299706263148033,0.04211041904208609,0.003471602132031661,-0.028452139507875795,0.03572148855394435,0.03945721082407953
Benin,-0.022829383348801812,-0.01666119896239901,0.01600555930182819,-0.0007043933138312938,-0.027207028406102146,-0.017250144090735886,0.016093822219648054,-0.0007610851766798382,-0.032151079781763736,-0.017150537258720965,0.02288772043335542,0.00839683349196358,-0.03231027066882151,-0.021003538128019663,0.0211473261166627,0.005740267971221007
Bermuda,0.0015701094325817752,-0.01070158209662956,0.07381005349337028,0.08384852691160524,0.004479607641421327,-0.006821468207398318,0.07262458757964331,0.08247984266636693,0.007805008194307432,-0.03705822504131969,0.07828866317534339,0.10020729873616706,0.01690552393627861,-0.024528710411648696,0.0743414913205029,0.10285084197436509
Bhutan,0.005811142440949685,-0.025394725697397962,-0.004181475571931668,0.012334248819513519,0.006894661766452536,-0.016581358909902852,0.0034571441661539136,0.004598725078813223,0.018781013882675387,-0.07572131275677955,-0.009254482730927304,0.016194126300768708,0.020614166320129735,-0.05114449573836838,0.0005962233821339206,0.005867308912058544
Bolivia,0.01595892534798928,0.013890922377610405,0.04252693245020257,0.08427033073715164,0.017320865570929135,0.013113106523714542,0.04878965407227204,0.07424626048475275,0.023117321930608226,0.023036174561959836,0.05730925165559332,0.09868443970723857,0.026090874334706846,0.02002025859847982,0.06384738497228885,0.08943464415907586
Bosnia and Herzegovina,-0.007275078870605917,-0.005410658919936735,-0.002442827400163793,-0.002299355273674783,-0.006563053210229036,-0.006009296471122803,-0.008072698793782558,0.002618161843658261,-0.018099788291025567,-0.017195042917262232,-0.0038038476295910156,0.0024472869664777398,-0.018627483474100086,-0.016680914143808224,-0.011002369100681135,0.010641452418582182
Botswana,0.004355127322014061,0.00697512061340035,0.05908419569047941,-0.00943841882305318,0.0037616174733037014,0.0072036091085720365,0.05294642941283784,-0.007228414347053927,0.007072139263302367,0.005568787024794291,0.053622011151583014,-0.03161869424964986,0.004456659011902691,0.009103965419120131,0.04517856295378617,-0.02808586928376324
Brazil,-0.010439044184757279,-0.024494656845593214,-0.01843040886742466,-0.014229621215509615,-0.010513828751604153,-0.02251618724167392,-0.021665213712539374,-0.011970929724483057,-0.024385878198917136,-0.04348517467437727,-0.029196240726104255,-0.02407080369974689,-0.022262662662285052,-0.043632600291569956,-0.03289321391203948,-0.021756854929928224
Brunei Darussalam,0.008908371069410725,0.015868490417503173,0.08876134734123872,0.11041440921646471,0.01200135430534732,0.011941336832268171,0.0689911917033594,0.11754226012126315,0.03313763182149197,0.06449185490802574,0.1378434417855338,0.19485789560324823,0.04499595321600034,0.04889551229655434,0.07466075333666125,0.2192420488868067
Bulgaria,0.03022153893040728,0.01986528807315911,-0.003646458348354335,-0.0038133836901678812,0.028758721932736875,0.02276222400324251,-0.004174117765916923,-0.0038804387391882474,0.024329061132750962,-0.0002228785323995801,-0.006724682410933965,-0.010498933359478884,0.019931172073296657,0.006317988036255865,-0.00888827209691492,-0.009262773937261486
Burkina Faso,-0.01825385166975544,-0.00913756450514562,-0.03241369813261611,0.020786955582809907,-0.017338814241744657,-0.01273193920828107,-0.03661062697597284,0.02162421075131698,-0.029533327404693114,-0.013377118558451879,-0.07181887736447881,0.03305853843337281,-0.025663435212293747,-0.019191765983375426,-0.06393025503160871,0.025970756393938407
Burundi,-0.00564810332847372,0.004202428159535742,0.005006514225497295,-0.017547782762622994,-0.007871869303952329,0.0021464816413829216,0.0049266080994988075,-0.018176529881640726,-0.017329047626107145,0.0054024362517942895,0.03766622950107011,-0.0018359046058773773,-0.019908942231548394,0.001259242945764146,0.046437097186325625,-0.00848557376509423
Cabo Verde,-0.0013065002009862497,-0.015611028741256564,0.010888664470954497,0.016700393410540058,-0.009376237005971925,-0.008387589489317695,0.013794528940747277,0.013794528940747277,-0.011459710301677565,-0.04651651778323846,0.02150965572162247,0.040607410346270786,-0.03144211324477556,-0.029763239007579777,0.031058533033946636,0.031058533033946636
Cambodia,0.013058310323373649,0.03466146944355905,0.050384514587573474,0.068524935658744,0.021037635854899286,0.024652375856942577,0.06122490395770199,0.05378435721437133,0.03903377385705577,0.06044736487139526,0.0777768605883213,0.10441147582420082,0.05103631847898224,0.048616431419145,0.09040040349852173,0.08671244951526216
Cameroon,-0.01277916300050055,-0.004843183984663372,0.00790088488030356,-0.0007388057786245184,-0.013637285412797242,-0.003255468365210503,0.0023984965380996776,0.0020369170421253796,-0.02693339035956121,-0.010175305295974966,-7.369832166915897e-05,-0.002790376139967744,-0.02564879325465453,-0.008242318665191494,-0.006028519362799274,-0.000692311762230266
Canada,0.005422464816196091,0.010927945024856483,0.0037282508737016408,0.0056107127694881255,0.0067740518835805305,0.010104142566914918,0.003577284621712414,0.005014402564935657,0.006805431041846326,0.010314141281684877,0.00680252780865464,0.007403002364842757,0.0069445152341151666,0.011810825487943223,0.004836420219308205,0.008045280189721055
Central African Republic,0.0004749923874270336,-0.02631950351986398,0.4465515868800643,0.3474637679461119,0.0021291860491324094,-0.018507638100324717,0.39700767741308807,0.39700767741308807,-0.000985593701496023,-0.03761686346140995,0.43461180185017984,0.36130569618198183,0.0017536686776084022,-0.025270076458622438,0.3979587490160808,0.3979587490160808
Chile,-0.010773018326100937,-0.020936901944736522,0.01276076207798912,0.02268365233382297,-0.013837307000116641,-0.01700638301295487,0.013561265011463274,0.020170552533184824,-0.026987248867882528,-0.03669502372679036,0.018453842730505873,0.02751445278165237,-0.02889342656259354,-0.03351736477745898,0.01915573704163424,0.025592469619772077
China,0.04876609183931,0.05192371509946925,0.009019528283801313,0.024525226906259395,0.05249651630970883,0.049029771606533545,0.011703403262103177,0.019671410503083884,0.06482719803340461,0.06024218950775019,0.01665125485769773,0.03159692917642167,0.06521734948600376,0.06043469643928481,0.01792624008088561,0.028143202818613475
"China, Hong Kong SAR",-0.016263923027285736,-0.014051263332790363,,,-0.018748697636845408,-0.011112739072928472,,,-0.023734263883094867,-0.018482221565606853,,,-0.025039579778703382,-0.016255383857656614,,
"China, Macao SAR",0.011529558660192132,-0.001391370543803698,,,0.010327055708185158,0.002021798840446909,,,0.029816246717080257,0.008501831061566325,,,0.02727252922952751,0.014956099223594588,,
"China, Taiwan Province of",-0.01650739781074537,-0.0023695993506327537,,,-0.017044253334628747,-0.0030339204991365323,,,-0.02945747352454515,-0.010322796729074438,,,-0.029934864424102956,-0.010623905403500618,,
Colombia,0.037817111706330085,0.03806526952999241,0.0003906774285316291,0.021200154196138618,0.043235106797231096,0.03325356329384221,0.0014250942715945954,0.017738300659971677,0.04463452647502525,0.04017393831618442,-0.008206542939728433,0.0177910663971042,0.04965903089028632,0.03612382178001374,-0.007287781767718961,0.01464062558622455
Comoros,-0.0050371509390700125,0.018779880676002392,,,0.00807188611086141,0.006581128531296779,,,-0.0001109787806214152,0.05700610888560478,,,0.02551852132415134,0.030584014586072017,,
"Congo, Dem. Rep.",0.007929764243062895,0.02149735303234808,-0.08457232815174234,-0.0554405523334473,0.015576806801436135,0.014470948200662212,-0.06786613021875307,-0.07137123778784475,0.0034440286946209506,0.00517457397859503,-0.06371951883653962,0.04836862427774573,0.011347633654542033,-0.0007137439808714578,-0.004661466773296374,-0.009497680826128141
Cook Islands,-0.0049952771723899515,0.06448454085420363,,,-0.0064800826827903025,0.045408823961527754,,,-0.019999497327449038,0.13463589097734768,,,-0.03009963098550177,0.09694518219962657,,
Costa Rica,-0.04717738492876732,-0.06158681720813447,-0.0022564369129231448,0.009689768268573045,-0.053618055925453954,-0.054224533355347077,-0.00363649050360795,0.01071214893067844,-0.0791413270078724,-0.09605228945977211,-0.006442018487009544,-0.0006665696333818208,-0.08660373151197416,-0.08630124951520388,-0.008537334664891753,0.0026440767095881317
Cote d'Ivoire,0.002647250867562462,0.02047158264307904,0.04035597373919819,0.022033753692917404,0.0041730085064890675,0.01695522693709322,0.03918703236145084,0.025799646818063186,0.0026832731320983573,0.03102825443830668,0.047116094802436684,0.02227533374679188,0.005240438060396613,0.028496123351204678,0.04466103300547929,0.026219744476522575
Croatia,-0.0037162637125290865,0.0035765573843524177,0.018056726968219892,0.04304122984866901,-0.004099072724508734,0.002471007154924961,0.02250570292296374,0.03747597971981168,-0.0037522193314489718,0.011395489969940654,0.03619932663296763,0.07261106306900882,-0.002012762088250261,0.008773545736214139,0.041856434427452086,0.06723140461530948
Cuba,0.015001694084316152,0.038624510571363915,0.06636487176186119,0.01952086054687542,0.0323342469328111,0.02680373914578503,0.042942866154368306,0.042942866154368306,0.03447738383218257,0.09108074641938063,0.06394989709942937,-0.017575793858110693,0.06272431561406061,0.0660571356813662,0.023187051620659337,0.023187051620659337
Cyprus,0.0045298086455469785,-0.017406362575345922,0.00827617627207607,0.01813875392408073,0.0041048401846480636,-0.014200172082582377,0.010945557809662979,0.015934695044445855,0.004827644639860005,-0.025599127984373797,0.007079030720177284,0.028394037498943817,0.0045615460665696375,-0.02215402944302119,0.014226695373427195,0.02141751064634402
Czech Republic,-0.00840029777623052,-0.018512445930678974,0.004480847239612525,0.0010140638535528614,-0.007761439390522546,-0.01729291104571253,0.00642530221092459,0.00069552731334184,-0.020406534157920476,-0.03383338612677846,0.009706959100226923,0.005246313959335684,-0.018220930205183342,-0.03417164717767057,0.010899844582696556,0.004400660554289127
Democratic Republic of the Congo,0.04578359937009362,-0.012296618104630347,,,0.025504256251969375,0.015002601650565153,,,0.1031222238017353,-0.05591358934788705,,,0.05060161131737264,0.015350587684393563,,
Denmark,-0.01714254597952891,-0.02279075140238592,-0.014426394719812975,-0.022216104219363226,-0.01965415782563977,-0.019855467451342184,-0.016024381273002725,-0.020790974777072754,-0.027172069886781655,-0.031015542536112786,-0.023522363286509317,-0.028290801211628934,-0.029932854334078968,-0.027817521932213318,-0.02430547487431993,-0.02780348360052469
Djibouti,-0.024622217435551756,0.057793527537541724,-0.07928662910400092,-0.06985261932104082,-0.024697371898710734,0.06814255241979783,-0.07662695928564063,-0.07406934123505406,-0.040182537465624016,0.020225247260771847,-0.09883695648061507,-0.07415538843969521,-0.04700374177580352,0.03992941055503964,-0.09333173033071894,-0.08157186899147142
Dominica,-0.014119129552290171,-0.03687668814839726,0.044719019689601604,0.05279376193642841,-0.006758648893437529,-0.031208357368997252,0.04548666455810341,0.04974241805194227,-0.026561487388468738,-0.026199753002172737,0.1455783326175956,0.17466512908805942,-0.017756985855041648,-0.027760768914618848,0.14967860631024765,0.1643516272056749
Ecuador,0.022404308850246135,0.013769802992115571,0.001917189571149176,0.007292471481870875,0.022787110804260335,0.014436945446689543,0.0010599619670230759,0.005819752627733537,0.02139125625704662,0.010267532289268336,-0.000565538355144225,0.00616616108366103,0.02201811520737681,0.011227501362771033,0.0008237722254110727,0.003911777861679143
"Egypt, Arab Rep.",-0.021840642211416274,-0.027058231773207656,0.015447735555452227,0.0018702119355923493,-0.02677320265514532,-0.022227467010664446,0.01742662994325436,0.0016448543540823883,-0.02726290951974373,-0.03416277857846221,0.02280409099314077,0.0010332275071620353,-0.030947589712203568,-0.030082113672917344,0.025412968836841496,0.0004590180940074299
El Salvador,0.0019513629799657402,-2.295339453966844e-05,-0.017828403147748237,0.006596501050415756,0.0050152654970007995,-0.0010016294948404618,-0.017382516112178285,0.005129948663876874,-0.005348938135820598,-0.004999800790798572,-0.011985304744786141,0.010676340459278226,-3.386502513635434e-05,-0.00685431446762503,-0.013257831775498974,0.011524471290170193
Estonia,-0.006450856370702525,-0.009490396485438323,-0.006072502441796732,-0.01359279308127108,-0.00688217269590748,-0.0082025962678385,-0.007733731668388148,-0.012348416071051124,-0.015498772803743344,-0.019992014729402655,-0.009726748701816598,-0.02551643475332729,-0.014539186382210295,-0.018501859887407237,-0.013489775587470764,-0.023025308697776622
Eswatini,-0.011569618231255968,0.004611646140670445,0.04374138558259988,0.024174955589231283,-0.012928900154873897,0.002721349485696112,0.07274904484086561,0.023431608373746873,-0.02082115924255849,0.011416894413715782,0.05711671596730402,0.006479757922162056,-0.019058091668460436,0.0066205493117058424,0.10941950499139974,0.0056408028894009065
Ethiopia,-0.003343650770127471,-0.016988493948162067,0.003127020205352766,0.0035887091622343035,-0.006177521748770589,-0.012072476728873799,0.001022091033497674,0.004729206267452306,-0.0038916353850599133,-0.02335836394887051,-0.005819627258815953,-0.010213791019942624,-0.008185433963897091,-0.01721279635788816,-0.011914009690273626,-0.0056010468715662455
Ethiopia PDR,-0.0869638355803473,-0.117319115195565,,,-0.08315791211961068,-0.12072133157218587,,,-0.09238269625274345,-0.1178611693280398,,,-0.08446730104652599,-0.12516222312505726,,
Faroe Islands,-0.00187204974213339,0.06713065680884003,,,-0.012373664111212598,0.07386515684137313,,,-0.040608257575826465,0.036418390829995664,,,-0.05746185560193369,0.045713665814491135,,
Fiji,0.008018717301340118,-0.017083671003279614,0.0056515030500613305,-0.014919884518197129,0.00685793443325112,-0.014982808720086338,0.0025590091342206247,-0.011515906039427337,0.01326950426507289,-0.02519490238134654,0.016901322974702985,-0.009843021565061923,0.0092959464208818,-0.02201338483480061,0.011896140723362352,-0.007411943248181742
Finland,-0.009409949773198086,0.016225962678406966,0.03715324217007797,0.0579088187281888,-0.007897184321387437,0.012990036802851492,0.04214620536860656,0.051043727294144615,-0.013047451915115088,0.017237122509815055,0.04551312781136501,0.06853631445276068,-0.010916281934779878,0.014726097185004061,0.050088696826800144,0.06150808970720417
France,0.015343792516926347,0.02281956549148784,0.0052763137749224556,0.03941931603695424,0.01822585112580933,0.02152623752883769,0.006518961896589939,0.03406125713286644,0.016634879737396687,0.021976901783112082,0.01544036747813062,0.05726750957017371,0.019283473181812286,0.021247390219870325,0.016045697377903817,0.05282829425385827
French Guiana,-0.028865955935025625,0.012049315513992784,,,-0.030237832248500157,0.009844767488818067,,,-0.03393758060381267,0.007203367967693941,,,-0.03227797526497394,0.0037396650242900384,,
French Polynesia,-0.0018838310587667821,0.0012155791391446828,,,-0.0030071180939528785,0.0024634090941145505,,,-2.5495204998059488e-05,0.011473788348493696,,,0.001099150594829128,0.012556134355049592,,
Gabon,-0.024345724269231015,-0.019310960790318302,0.012974198961732483,0.032961554144119186,-0.027994956836197033,-0.018808790796737116,0.01821476731777235,0.02701168163208318,-0.039883805708704145,-0.03525181651794619,0.09644851779291959,0.1487419072249603,-0.043937661209194456,-0.03411464977567603,0.1108356448101621,0.13208362897030462
"Gambia, The",0.040382751887357904,0.04721473793761192,-0.07986378891844591,-0.09264229913985966,0.0426291678189717,0.038909706223002154,-0.08296479103965125,-0.08794446423447004,0.09984616662044181,0.10325575604114322,-0.11627130340764723,-0.11642646024186677,0.0963911519674081,0.09395204078585881,-0.10890270477542587,-0.11956855073984834
Georgia,-0.002676078359737335,-0.0013851357893402024,0.05097294355979511,0.04870914954162661,-0.005480183511582998,0.0035214380549924242,0.055248294773696305,0.045700332340129025,-0.003962205141078825,0.005957619699966337,0.11381353005523141,0.09587249860860719,-0.006766315255595494,0.015558521031526948,0.11687292331188323,0.09447171316339703
Germany,-0.02415878807313076,-0.04062959538238753,0.015171070482092621,0.013244089939603203,-0.030272470980538143,-0.03350927618283747,0.015663017403553896,0.01327130914407838,-0.04813698626490825,-0.06690167063193847,0.024493447065269517,0.019250298272495508,-0.054109494590875246,-0.05914250556313147,0.024214196923162505,0.020198345291068925
Ghana,0.00534569029418892,0.00030160045297855816,-0.045874741461458035,-0.027198488639383206,0.0039195136935985045,0.002489101614166349,-0.05487305801604959,-0.02436602826076274,0.010073763279526629,0.011158025536932355,-0.07026721690472659,-0.027449890993809407,0.008032194279292058,0.01291598319319189,-0.07430799048318343,-0.027935873604400238
Greece,0.011091909285604154,-0.004244440828683742,0.011667163446737778,-0.004590058457795022,0.011336279199184549,-0.003727082556520259,0.01100143949281957,-0.0015769219189903652,0.017918002399728142,-0.004454520671034595,0.024554457023782943,0.00493875360787131,0.01672168743932449,-0.0037668392288218175,0.02264333948101132,0.008825583359839646
Greenland,0.018283945152119913,-0.004500073502615078,0.01980269732397586,0.03300609837762358,0.023281117782314446,-0.0020417491640760147,0.03311622226110431,0.025485176577624852,0.02553077835865484,-0.011011591416655014,0.026631951283142236,0.04802260901139954,0.028371956001164808,-0.005780617156411278,0.047751147663545594,0.03472387031830357
Grenada,-0.1597164379176256,-0.09552775993275503,-0.008591862193512476,0.08050829912489657,-0.15117276996126336,-0.1014649364549855,-0.008613343684247538,0.06516845962439861,-0.14902224429262953,-0.07124008808506134,0.04114936105196617,0.20652430470481292,-0.13359655071995133,-0.08443544260973973,0.05020609221771573,0.18164740225507123
Guadeloupe,-0.04522445955603591,-0.025767963641480714,,,-0.05231889245716698,-0.024417128882979977,,,-0.042826828834554076,-0.017246510701224974,,,-0.04694319319253311,-0.020440387073103933,,
Guatemala,0.012529451503649869,0.005590745784985802,-0.009996571434401356,0.007290681290875862,0.012354953862290179,0.00921684799986678,-0.011873610516266918,0.00677939313985578,0.018901032519761787,0.011345577060779603,-0.01977957951229622,0.008046358924668309,0.017999410790180245,0.01761460179506414,-0.02092973152919017,0.0060149859460689
Guinea,0.05161796997067348,0.0009668896862786477,0.033103241637739464,0.002830214269664149,0.06504317037402824,0.000878283489616126,0.023594824244819974,0.013827571923178829,0.08155159111576554,0.013209988608517452,0.030590396297708062,-0.047114466668870314,0.09461715535896026,0.012577693301849446,0.005897544994673015,-0.019893780660051076
Guyana,-0.007069784026778179,-0.007495178376122412,0.02071348645894222,0.08615277652508473,-0.0035103471883388784,-0.007570705464648854,0.017450811729037476,0.08380060597834621,-0.016359707838610765,-0.018800687866006527,0.02024996190399799,0.07974478523650042,-0.011715994573461707,-0.017500697732500323,0.010023663030846395,0.08690975123946933
Honduras,0.02119489235295323,0.02452348037741048,0.007708069367003844,0.03913084592885753,0.02440873031304744,0.023111887564195046,0.005744917208145353,0.03747062281070763,0.03230486512601027,0.03375776080741869,0.015504363679733447,0.05567592833304172,0.0367773519657914,0.03328920852674108,0.012010246118199893,0.05526556529908093
Hungary,-0.021766411751667717,-0.052821164135201805,0.023467579733824875,0.0377378318696863,-0.027825855007703525,-0.04446915539350309,0.02809199575165388,0.032570487254947114,-0.038864624183331704,-0.07263687247684782,0.03691001434772404,0.05219830866818762,-0.04414106033600633,-0.06573962955026656,0.04118165700935093,0.04727756744454069
Iceland,0.008485205093134112,-0.008328258305909327,0.040877397075911516,0.06561083685176461,0.009774322900778641,-0.007375058529570299,0.054401269879845414,0.05240107611687574,0.01379704419757185,-0.007918342251005782,0.060490320989186656,0.12207814034157018,0.01603791100237056,-0.00796854597379593,0.06796501703289606,0.09675349721357085
India,-0.00867632117467593,-0.0017586171575330386,0.021302237012626044,0.016659982284482348,-0.006816344905721112,-0.003775039254336033,0.023548951142840786,0.015117720819348432,-0.0052775713795167635,0.0058191465347169095,0.03286027108154495,0.015039986733839007,-0.0030572229395125503,0.002948072335669124,0.03297175173585001,0.015259589813467386
Indonesia,0.02048124379802246,0.01545374844541645,-0.0040884116562953056,0.0028422057390223915,0.022062664885183995,0.014943991637071512,-0.003178448410310179,0.0013545837469923377,0.023445022208722095,0.014486468009672446,-0.004156033667913316,0.007499110586447763,0.022576181597930466,0.01684939417181967,-0.00243801513230041,0.005057406012343373
"Iran, Islamic Rep.",0.0056751331570381374,0.020170150285310214,0.004213555682162367,0.014264947836967823,0.01371035872928348,0.012611490853488878,0.005613345865456797,0.012435182737064336,0.007022195360675974,0.02827782739250725,0.010725575642009008,0.026213522365958784,0.018188049545171496,0.016884041512381372,0.012275210590410557,0.02494072907934167
Ireland,0.00580460544783335,-0.006042747728707138,-0.004423319369954755,-0.013798268997605443,0.002972532561823835,-0.002371662349873008,-0.007701863444897931,-0.01211525280312243,0.01122603118603751,-0.0023985063677146616,-0.004463898756373341,-0.020294638661619277,0.006587607727513331,0.0030994561346414937,-0.013591593973854383,-0.016189101914502114
Israel,0.005261015047047573,0.01610720016460091,0.03200507696033023,0.05003362101164704,0.010070415843211486,0.011980245812083396,0.039183904037738145,0.03970798607233243,0.0036884421720589423,0.032900539806481784,0.05448560251339059,0.06993699553905884,0.01266133851692452,0.02587020600673522,0.06001841965764869,0.06095439389151431
Italy,-0.005739351000046881,-0.008756875325065193,-0.005041148892216277,-0.006013453483279905,-0.00677889921062539,-0.006885421857232225,-0.0064586040653222005,-0.004396704132696114,-0.01183834298677072,-0.011864103963954683,-0.011319753324388629,-0.010340632887030018,-0.010648751779681682,-0.011107324970543158,-0.01276239992957421,-0.00905968218427858
Jamaica,-0.027228655242322847,-0.027780455573295858,-0.027232445914339074,-0.027287706520171175,-0.01931162417897761,-0.022574471490093968,-0.029837214333282357,-0.024668615661225683,-0.01855242024065492,-0.05525148807294329,-0.04365706175166013,-0.03885305125908998,-0.0010030463571768934,-0.04398032856377837,-0.04657432674535282,-0.03647673740248318
Japan,-0.016078294140425116,-0.017915730805566417,0.004526313229451011,0.008347437889394288,-0.018200350379296872,-0.015174787048678655,0.003708869734675152,0.008454114439831116,-0.029382108475446037,-0.02646246562547256,0.004496225459963436,0.011275542425497553,-0.02929019355308644,-0.024655578112523228,0.004093828749167241,0.011224274928193475
Jordan,-0.00801503143869375,0.016691954265474613,-0.07791868125788479,-0.06212645838763051,-0.00741951371523646,0.015106594895972708,-0.07559546062410544,-0.06181527044626721,-0.007735834999709118,0.02046325310251482,-0.11524616670451554,-0.09805438541799993,-0.007256355821397236,0.02101122874091452,-0.11220222059588013,-0.09883634177433281
Kazakhstan,0.01218194139049481,0.00431891067047528,0.03467147940736439,0.03110096061608488,0.00819943573862427,0.007658094256874086,0.03770146006939922,0.02914782363779598,0.03052609520046457,0.0015762846088404438,0.05876159156905681,0.04380976665554512,0.016458977568128433,0.014852070947180593,0.05918760155527898,0.04335880585843847
Kenya,-0.02155196229412906,0.010372922339744253,-0.007246159895778059,-0.007379183771488009,-0.0186961033325033,0.006786626469782847,-0.007138316693845452,-0.00815203459251166,-0.033642310241916856,0.004794585365862056,-0.012198027059473239,-0.014099891215862075,-0.030767296012746848,0.002175428074892258,-0.01357982298447312,-0.015300035261903986
Kiribati,0.3304897571523408,0.18030767615594176,,,0.32437348129474225,0.181164560107625,,,0.32184896789355427,0.17742247253063154,,,0.29241744740253445,0.1868811345082107,,
"Korea, Rep.",0.01061596321934039,0.010048365380234896,-0.005369828398999981,0.0032223453775979925,0.0117359630736968,0.010075981959430165,-0.00684600367821005,0.0030165210571790834,0.01666190588351016,0.010457337713536715,-0.009335921172926769,0.005741711520962555,0.015873568277313694,0.012757616962201804,-0.011416488798324124,0.006760139953785751
Kuwait,0.016300620243138386,0.05646533299888816,-0.036271450915752894,-0.03532974472759015,0.014583005343987761,0.049644013835168484,-0.042263002069974194,-0.030311411719544924,0.022847193327588285,0.075595875006503,-0.04336032697635497,-0.0415349720578746,0.018468926150290638,0.06821079161939687,-0.052394694818931935,-0.03438872917405445
Kyrgyz Republic,-0.0033139803601200204,-0.016457637056791163,0.02368346000709241,0.023427255280516063,-0.005743874084766485,-0.012371663798849549,0.020248418831161567,0.02306331637093818,0.0031350933030625137,-0.021095288861806397,0.05161306169007114,0.023164485215474064,-0.0014720014468111479,-0.014176512726378739,0.03947399753018236,0.031005992950068305
Latvia,-0.01850360195523251,-0.03224041762147069,-0.0025148061489473606,5.9935595842423396e-05,-0.021886524466347264,-0.02713447151830016,-0.001266061027438801,-0.0019235943156528709,-0.04510490697946951,-0.06875981304604606,-0.014513070426687596,-0.015635776344495252,-0.049626607155560505,-0.061444463535065844,-0.015021243143566846,-0.016452116426753025
Lebanon,0.016522540802460094,0.013729798379068316,0.0017948855115165977,-0.00013649204010061922,0.018986838330359513,0.013190970297785872,0.0038614058195246995,-0.0012449183569013256,0.0317976218048154,0.021750658859390808,0.0005412333673147638,-0.0050473657945746975,0.03226611141720211,0.023901900205315917,0.003109001953049991,-0.0073943524948442245
Libya,0.10086842318334606,0.15317264191805996,0.025140163114944124,0.04623175005140769,0.1041150119129684,0.15042970305544692,0.02838906019650842,0.04148883876471004,0.09726131714539617,0.15058745613892302,0.0366454416845781,0.05252157433241269,0.10007853859143861,0.14905977848863458,0.037666424869059,0.0506216975774995
Lithuania,-0.01690030067184777,-0.02324927808464294,0.002406799945056291,0.002418742472663233,-0.017616475500928347,-0.020703331235163203,0.0024117644302321046,0.0024066699703073693,-0.046687591221484,-0.05077312720898937,0.0010397557584413937,0.0009835073174049508,-0.04365553172469234,-0.04934305405795745,-0.0003510700097531247,0.0021468107750309724
Luxembourg,-0.014448333396357793,-0.031170547116851403,-0.0006040931385244519,0.005071336345103152,-0.015395418756642165,-0.025508444474508823,-0.005317119222331354,0.006048229170680947,-0.039276061799779036,-0.06673725739558242,-0.0022722870497173114,0.012404280520194596,-0.03939433956738044,-0.06027530877734185,-0.010156732841402913,0.014012961428928099
Madagascar,0.02196931621363743,0.03888182283250611,-0.019516827214733013,0.021906628947404017,0.025657892977492613,0.03402626951799117,-0.026202061404044866,0.023536755403143903,0.056271328523996675,0.07902586331201297,-0.028038679853215336,0.028654522026849694,0.06319597185857133,0.07330184471126606,-0.03512395391479379,0.03143325858289284
Malawi,-0.010993261654318779,-0.00021318483488350822,-0.022298659552655045,-0.010460361349478394,-0.012947418990220406,0.004852837294595559,-0.021229314413359356,-0.013529027731597684,-0.008755077234438248,0.006332859614969705,-0.025979333181064934,-0.007436767179671303,-0.0039961037980576685,0.009959185697961918,-0.022365443907019153,-0.013798747427522693
Malaysia,0.008878619004933875,0.01777013798980825,0.0006820156293170184,-0.016346052343829583,0.009313332397253255,0.016834048268502606,-0.0005274306117143911,-0.013804409744365033,0.01091767147123283,0.017892591745288084,-0.0021238197070674817,-0.021617300765258557,0.009377389105402806,0.01980634797285477,-0.002663169787195274,-0.020403976117822485
Maldives,0.026090673119279414,0.03561569677224896,-0.002145477667614593,-0.07035990936319529,0.0324659720799654,0.03046528089282459,-0.01914922278157489,-0.038088054303136124,0.06903372654800095,0.06973467087988136,0.008195239304741166,-0.11401073950390571,0.07196733784065308,0.06796884041652634,-0.02994990965474185,-0.05357465909903457
Mali,0.02783507631569467,0.039004189340180004,-0.0012300611088919332,-0.08342846372179229,0.03320895315266687,0.03134297447428035,-0.0066544931563207585,-0.07339021804205459,0.07098245012419988,0.07841216942697929,-0.01739342920078992,-0.10194989043453,0.07882600466952167,0.06786029064913235,-0.021434113951146097,-0.09531074798659328
Malta,-0.020176102549993084,-0.00895268923031089,-0.020856163571508338,-0.048680227009205525,-0.018822571320628815,-0.010269277352149397,-0.01976664580063357,-0.05407379809724572,-0.029194978970746636,-0.007243031428446579,0.0007549266749876741,-0.06043186086264638,-0.02458969805784836,-0.009680310021624882,-0.0026078316706788854,-0.06754183628419913
Martinique,0.018570644038120206,0.04424357575349897,,,0.02298063949997231,0.03618254831871931,,,0.028430005055946086,0.053488958278457954,,,0.03271314313982861,0.04437599756169706,,
Mauritania,-0.003962728767916772,-0.009161540981683054,0.001939423959598404,-0.02760125636142128,-0.007724301846456279,-0.004139609272898493,-0.016623299539106205,-0.006759242333960941,-0.01221224673587051,-0.031732618567384865,0.007519634244946634,-0.0930564637759638,-0.024120338110676716,-0.016660045625286068,-0.053984838731784314,-0.023272704994473193
Mauritius,-0.01425806830805423,-0.020703510749502732,-0.0926671614640046,-0.10194019798881764,-0.014364549786968474,-0.019346334790490256,-0.10792174423925437,-0.08471139687757984,-0.02375519316114949,-0.030285191804022137,-0.1425167233738432,-0.11001452520232376,-0.022137858483927315,-0.02988860516763197,-0.14403374811774589,-0.1068278332410145
Mexico,0.00332960798934408,-0.0197770888487737,-0.016454836663059035,-0.019894049174739026,0.0027991426949591364,-0.016044305773292702,-0.01669318842426499,-0.019766927753487127,-0.0065517507043204295,-0.03385923009145568,-0.021045921287073763,-0.020545945463024122,-0.005573727562324093,-0.030140982838634263,-0.01900348580406737,-0.024394761912568678
Moldova,0.03557548159933752,0.030304855272009355,0.008446579638988224,0.014817054680799973,0.03955633571362162,0.028551641752817585,0.007986270783730685,0.014621802697361483,0.0788109753451898,0.05992650788053477,0.017803567809891726,0.025865005725271655,0.07782567204455637,0.06110809247894463,0.018554049581290262,0.02711675765141856
Mongolia,0.004113708319789721,0.0014916576017004897,-0.0001009542372048628,0.001500658898293286,0.005686338205276879,0.0013422888285045253,-0.0004947616224023314,0.0049568863441448625,0.0031309606744896936,-0.02012472343230112,-0.026067075759874138,-0.019113373600204195,-0.0006887347606743557,-0.013062857034740739,-0.025017166656434553,-0.016172906153345403
Montenegro,-0.01644517783078076,0.00489303223883496,0.0029534668320631494,-0.00522602821140596,-0.018077026975122704,0.006560307209726412,0.0029382861650048032,-0.0027357807123360597,-0.044880105852372336,0.016992629172795617,0.019052747690797654,-0.02037699437586975,-0.04821103570356491,0.02067353344954997,0.012018285138556245,-0.00687695782721542
Montserrat,-0.008129882916556032,-0.026806207554317285,,,-0.004122299629689032,-0.01339722670022501,,,-0.009080070296773416,-0.026096138218620744,,,0.010584448899223442,-0.010858288857487101,,
Morocco,0.015269627962508357,0.010437531772085906,-0.050495867062584764,-0.08737343041793952,0.01714736298921591,0.00953581488698438,-0.05364530454210812,-0.0824033511214056,0.0166059318676888,0.00871477534813694,-0.05501916485604999,-0.08651014182098546,0.016702110621921853,0.008530480065654296,-0.05283084697848724,-0.08906459562960668
Namibia,-0.006806243039963287,-0.0144824736891927,0.024383267736911123,0.02940554811074022,-0.013379001664835476,-0.00855140746376435,0.03343283696164286,0.02145468606849592,-0.011178047094021641,-0.015981899732331887,0.052501879066208346,0.06779252080244255,-0.018694686922421152,-0.009274034016441045,0.06260818723557159,0.05561982220928862
Nepal,-0.007196047924275897,-0.014950613432040601,-0.004925301040015441,-0.010662383420438945,-0.008359375487952998,-0.013638577895353337,-0.0008266532149844585,-0.013161608261655357,-0.022803555063513167,-0.04092223093446112,-0.01027295582933601,-0.029162239251110132,-0.0238130571448945,-0.039895851966689516,-0.007607703904325948,-0.02847686107879276
Netherlands,-0.012956131515750102,-0.003951639676335227,-2.7465244918693452e-05,-0.006440828821428017,-0.014053999674465252,-0.003170842079807548,-0.0007480095016562002,-0.004938320380473646,-0.01817684978718787,-0.004164897385994563,-0.0041648889195736,-0.013860754517973473,-0.01832603360816935,-0.0036282717829243666,-0.006007080247889945,-0.011497383710400192
Netherlands Antilles (former),,,,,,,,,,,,,,,,
New Caledonia,0.013779697759962545,0.012087801396907528,0.008208842793995039,0.007854447282284098,0.01714368107107021,0.009964325624848143,0.008495627800574614,0.0074313067744379594,0.036138123300024104,0.01903605098036864,0.021557321834891584,0.023268281915724526,0.03607144020209141,0.01987752657973057,0.0235267577361717,0.020967407459540354
New Zealand,0.02880019151281963,0.017779072797418416,-0.006809107039642826,-0.003272706608217514,0.032131046280075765,0.01580233726678506,-0.011340083623107814,-0.0014935005804198283,0.044123838378850096,0.020759307854715,-0.006177427188099522,0.0013760109680220176,0.044721934170135466,0.02064407158547661,-0.012568027489978135,0.004608423460768338
Nicaragua,-0.00665149747618494,0.005427675412423759,-0.004194192883842453,-0.013333221626693592,-0.007021948148790883,0.005398290189933306,-0.005536179260137673,-0.011497864647201103,-0.010197896960905175,0.011664092670982226,0.007809641523420911,-0.004117450366331089,-0.008750506449751741,0.012021893030030605,0.005255032511121776,-0.0013497486914546093
Niger,-0.012144396002268472,-0.005682578348337266,0.023800225267620444,0.04860951375712358,-0.011471161296109438,-0.00646365828862158,0.027112596839385328,0.041670165174211404,-0.03065420666239787,-0.014869885741825625,0.04245825416732101,0.07995726984864258,-0.025000336328319998,-0.017592213817982563,0.0444838831518958,0.07453498300343361
Nigeria,-0.002465014971783687,0.006650012046297644,-0.03634307609954548,-0.0416344896355349,-0.009480267907138837,0.006393753287487684,-0.04259626902964094,-0.035209637532503925,-0.014303370754140536,0.01812629206612969,-0.05369701180556869,-0.05884510567974858,-0.03321180987407269,0.017568693358157916,-0.05963180333899251,-0.05152301766488511
North Macedonia,-0.0014404424215416645,-0.013868255290213764,0.04781058045278888,0.05960681208573232,-0.002163264502844071,-0.010181342776166816,0.056602438788190684,0.051709133479127006,-0.004826570451583239,-0.03267788349147265,0.09273594622579463,0.0957527524126813,-0.007158335529914326,-0.02603118106420992,0.09817813598112973,0.0907360595640456
Norway,-0.02623419690859805,-0.0064990048412828065,-0.030569695286855256,-0.048649595811597376,-0.029979893528240282,-0.004281698686282061,-0.03510680488135503,-0.04339392196196409,-0.03794401353916151,-0.0074704084561526204,-0.05048060016740426,-0.06536010559335578,-0.040162764684809095,-0.005188836358110405,-0.05194135206233576,-0.0633633946778632
Oman,0.021713884086539986,0.01648446454703005,-0.020067963216053683,-0.028210148810591893,0.025614973234260867,0.013938990979278162,-0.017012997053690065,-0.028921993400967242,0.03172161077165145,0.029228383398607026,-0.02830072809148239,-0.03163226710171813,0.03640143561661351,0.025879555375188112,-0.021374989984928577,-0.03640330342868836
Pakistan,0.011427929377355298,0.016704776370451167,0.0069589089862822535,-0.0050467917501483784,0.01433553169986088,0.014988313592500543,0.005263480878917886,-0.005154633801770466,0.016081175317726015,0.021087108027811104,0.003888859897489879,-0.011224132469006836,0.02054907094049865,0.018556244642286723,-0.0008434682961105193,-0.010589719788207882
Panama,-0.018039190721472056,-0.01533102288531482,-0.07572746227449931,-0.04186813785136736,-0.01964130944486486,-0.012740644959648306,-0.07705062220208472,-0.042565649569256514,-0.022237573438059315,-0.01973329382150192,-0.10440370383532853,-0.051210806907449585,-0.02235734378168752,-0.015189025871077146,-0.10068174629489414,-0.05628946097519813
Papua New Guinea,0.04591850013771855,-0.034854476487841804,0.007582086846894133,0.0864928306506202,0.04695684961429577,-0.03023342031792077,0.015410487333309271,0.0642230598137138,0.057254874975078716,-0.03354277676229048,0.04150017721613932,0.19156418675447293,0.06090853768027238,-0.025732830901076198,0.05241506626789075,0.16215529675269186
Paraguay,0.01121510567247825,0.012524806102248796,0.018351459669758676,0.014686390828742268,0.01705742700415364,0.007057470595707069,0.018646120325411148,0.014615228484437455,0.025332866842211647,0.02973421549174577,0.02743784638389764,0.024585299323460968,0.035882643581200156,0.01967235005195443,0.028813229813859902,0.02305158057335727
Peru,0.018657642216172103,0.018972745345683068,0.006973019682644416,0.014494521973761323,0.019184201178861045,0.01942856656081151,0.008171812288993097,0.01348489189310079,0.015895427359623078,0.013776706891622154,0.012167513374923299,0.015201458855628349,0.015040408489634303,0.016263053732169446,0.014888879112280306,0.013630389219019315
Philippines,0.002021572929316975,-0.00973247748284265,0.003885857750832085,0.0017755683465874804,0.002041972673180354,-0.008363147873117361,0.001106329954442542,0.002313431856885274,0.008332290526653598,-0.010068516263860298,0.005715508657221402,-0.0019010251917693326,0.006520051689685967,-0.005836938909624147,0.0033090855085401993,-0.0019006792231496005
Poland,-0.005733715391762801,0.009188589867338545,-0.01022585158811775,-0.020053644749514557,-0.0014468766136141004,0.005676013381815166,-0.013816679210473035,-0.015957679593086017,-0.008034254884916589,0.017989350742031108,-0.00858311689112182,-0.024142420628286903,0.00042194186454821563,0.012874481150218258,-0.013080794343081658,-0.019284379517744744
Portugal,-0.010367831757144131,-0.020343735230891124,0.012183613900762558,0.01052716585068573,-0.009983154141112836,-0.018523847679209716,0.01130415228765402,0.010850602348932703,-0.020096203465899323,-0.030614004794446495,0.020294387477274044,0.012505540259681027,-0.017168984203034535,-0.030234947095676402,0.01663736781868194,0.01476236427071562
Qatar,0.008007741403338476,0.02154612055518475,0.0070249833006131536,0.09244242425028637,0.01200097095371589,0.015463317893304043,0.006295413745437677,0.08177985506391172,0.017286874264705918,0.028882635030609963,0.027671412308137435,0.16321997658162282,0.017043324615137405,0.02620896362009242,0.0259542712376797,0.1563850854161911
Romania,-0.02936181273382299,-0.032385866794536464,0.021842286235428634,0.023819923892951955,-0.028838973754169273,-0.031747178854864624,0.02253490054918364,0.02100664400214111,-0.04423610823686075,-0.047050738022521674,0.025415975465817933,0.028081790210199756,-0.04104433373689719,-0.04755844110303583,0.02442638942696159,0.025284744714440886
Russian Federation,-0.003504599779013329,0.008538708489021385,-0.0054342870810756335,0.004011453404568631,-0.0026703223194567013,0.006933148727641983,-0.005944295841869094,0.00219932287574404,-0.0068653177392692605,0.017019174595185826,-0.01004283802035478,0.006167232754129973,-0.004922592329068663,0.016211781708665038,-0.010760958458632525,0.003896274419075413
Rwanda,0.013057150763608506,0.016920302341857953,0.020768781010560493,0.07085367225313065,0.015103954603611032,0.016859473146063005,0.023425012831374964,0.07211600479646281,0.022997291381497437,0.03138236192449834,0.06199161194437971,0.1631302348540338,0.023347939853839116,0.03243595169167359,0.06957831469667554,0.16914690887243988
RÃ©union,0.007321616046085014,-0.02808187730332881,,,0.014711193876298857,-0.03208184350017317,,,-0.0028473828569034743,-0.03931000565375918,,,0.0024933024713490043,-0.04256501078481244,,
Sao Tome and Principe,-0.013761355401348253,-0.04818933472346586,0.011009558765264606,0.07348888992797205,-0.022524996839181088,-0.03556409452893795,0.002926256929496787,0.04392098623020542,-0.04631266050323759,-0.14050032458370337,0.11275971557831221,-0.0067071767246946745,-0.06992825716281711,-0.10699968057078028,0.10269956155146655,-0.04672808218422679
Saudi Arabia,-0.004767751863613527,0.0007405833382858527,0.03532301807227657,0.005913967328974823,-0.0016584330264205176,-0.0014573561712179633,0.0380166938357437,0.004379617365699249,-0.002338062959973483,0.0010788581832350199,0.031157861831635224,0.0006763598135132169,0.00015853835173838197,0.0019440475557383297,0.034357150170524736,-0.0012689305246394215
Senegal,-0.03764846549751409,-0.014213540041813561,0.08388853095897762,0.08595357794618301,-0.035192158241049334,-0.01690284261296538,0.09265385497243922,0.07982326823835353,-0.05680761501400164,-0.006670925794588619,0.10513361369737519,0.10547809471725521,-0.04969809496153104,-0.011114802398930972,0.114522453212024,0.09780202296787907
Serbia,-0.016174019514062058,0.0031665934090022623,0.005486792192468501,0.014625111570216105,-0.015829424649837963,0.0035320275570557167,0.010032192134516803,0.009326113313533611,-0.04367208583106104,0.007943451806693445,0.018225901035700282,0.040092652711882074,-0.04314592345367512,0.009978902121884571,0.02948990662637786,0.02775037576537005
Serbia and Montenegro,0.004772976677813711,-0.005597364434759789,,,-0.0006566996622873565,-0.001280751146073104,,,0.0043559150450028184,-0.005855566456096175,,,-0.0003359849422152869,-0.0022607476326366232,,
Seychelles,0.027204297635612298,0.052972259496429676,0.0,0.0,0.04682436556104058,0.03352350526030329,0.0,0.0,0.03414651295091976,0.06457228864163897,0.0,0.0,0.057109200675724336,0.03969104543623155,0.0,0.0
Sierra Leone,0.017866678808519106,-0.0006131488125203713,-0.024401230026763667,-0.1413050033038468,0.02584918161152853,1.7789140012072074e-05,-0.03429008376034311,-0.11202749869016716,0.058180737151843825,-0.0017091163799826021,-0.043649401672305625,-0.21732850411809254,0.0773351672161164,0.0001977953836591236,-0.057821133401529834,-0.17739905027734315
Singapore,-0.007331325840659205,0.001963083298389829,0.0071027755361395715,-0.0112802541930445,-0.008538837823914838,0.0023212253293557234,0.0064740821280351935,-0.009003997289372278,-0.01256910952929619,0.002931412649856662,0.015021820355882917,-0.011013759003571858,-0.012710727805296357,0.002799687219041905,0.013628931657373593,-0.008454467451334978
Slovak Republic,-0.036025285640981196,-0.05518917145539912,-0.0006088549127050514,-0.004879394663642344,-0.047447549074093535,-0.044467719943507594,-0.0020201905495997783,-0.0029676504676379965,-0.09202678962189478,-0.11407173588172621,-0.004348935620662118,-0.010074655252327987,-0.10575079653674027,-0.1012343244154422,-0.006629259541140547,-0.00747172883015767
Slovenia,0.028404972437832195,0.029730054695183326,0.0018685939569021079,-0.004706018732642679,0.03549651155366653,0.024893641518578785,0.0003698567185099881,-0.0033940981821043294,0.05032593891934904,0.038294375759982506,0.003663017534189827,-0.0021427603361910824,0.057639995064588556,0.03398861787011156,6.922084121559278e-05,-0.0010603803411959908
Solomon Islands,0.048699632898625146,0.040484414506499714,0.08349732804125182,-0.038838597148779075,0.05646092235273023,0.03771362326553137,0.02232936544623637,0.02232936544623637,0.07107413598356781,0.022856824559314013,0.08628512765556001,-0.058240853858207015,0.07003416002137033,0.03372262297511925,0.014022136898676513,0.014022136898676513
South Africa,0.013272424603757785,0.011262029679926932,-0.008371165310903055,0.009542589472561595,0.015215044372674059,0.009111458251364177,-0.009404216928068915,0.008327605913668832,0.025092253549020078,0.015095130365146297,-0.01173298631319963,0.012776388872777709,0.0252904813346142,0.014109587675664588,-0.01272232751120626,0.011637860668354722
Spain,0.01342259375932679,0.008285361740149492,-0.009736897694082642,0.02880981991424339,0.014739286023387194,0.00824596525687804,-0.008753992904540197,0.023712661316126617,0.01755367806354249,0.010706690029441003,-0.01605602467428825,0.03649014445712981,0.019145254632306305,0.010924262065432611,-0.013397154610228314,0.030639910786656486
Sri Lanka,-0.005240238808407563,0.014321672054629657,-0.0032823616835179724,-0.03491968480712313,-0.004347822530176521,0.013880834143004247,-0.008721989247282425,-0.027137958726775758,-0.013065347896884532,0.012798831433537996,-0.007656430951987511,-0.04640669863310292,-0.013516124619615091,0.01363663069145101,-0.014094467323385212,-0.03879843829088375
St. Kitts and Nevis,0.028048805159369354,-0.02029116153998948,0.0345820130929533,0.06609536418018418,0.038406020036345495,-0.01746745110684202,0.06759120006883904,0.04498167238484747,0.05439766760442934,-0.05892964771839378,0.11196621678932397,0.18644015913939374,0.057512999227916216,-0.04977076104262223,0.2008344141598934,0.12694649887981882
St. Lucia,-0.0034865549929795846,0.06195505848284063,,,-0.003197632559687935,0.05385121428050432,,,-0.017220228724750253,0.07771603586055996,,,-0.02357069596202033,0.07685825115361003,,
St. Vincent and the Grenadines,0.0037629237401802383,0.011213275852196102,-0.028802807010507057,-0.028514740883223,0.006998147628941529,0.0065623783576217,-0.029695669811740735,-0.028933128232506017,0.006886450449493996,0.024174224733752747,-0.03258412241172886,-0.020167272226022877,0.01169594907603991,0.014998302256376585,-0.031532035043463386,-0.023930205009800885
Sudan (former),-0.01248785783040543,0.008781166235599333,,,-0.005691573271260251,0.0010437920873985114,,,0.003860786601639604,0.022623269102685944,,,0.004047696697883435,0.020447411704836355,,
Suriname,0.02861966841592365,0.022798762397169322,0.0041324033489276825,0.004999507124517616,0.019286891088792113,0.032336730419565966,-0.0013307595134992973,0.00881826000893821,0.03877213206789026,0.006220617483612219,0.04146789843647868,0.05790868947484972,0.01859671410387137,0.025879808678722103,0.039835347953453545,0.05881416860354917
Sweden,0.010980751094016281,0.007121707573307472,0.008360771009185926,0.015675552119924892,0.013407066069043154,0.006477535208564673,0.00983484172768617,0.013721640425019775,0.016570605973523656,0.007198950964372335,0.01222914330736139,0.02155038409863181,0.01768232066113682,0.007346362812475933,0.014252225362435207,0.01895033744656158
Switzerland,-0.021829862133523305,-0.0240111277491294,0.02149915685774965,0.012346708310551638,-0.02256040897351208,-0.022998316750414683,0.02360136997494841,0.011054584603335194,-0.03425648897966224,-0.03829861258412585,0.028997625074030878,0.014204778960911697,-0.03565637729400625,-0.03664686762430055,0.03024763016202608,0.013489715485757553
Syrian Arab Republic,0.05839609968829964,0.03156628576665979,0.0020107371215326107,0.013005185309884757,0.06191408082724561,0.03405657387649006,0.002171017715743356,0.011324635302615526,0.07382846475343166,0.03713144182633844,0.0094582802923724,0.02836956509816552,0.07952852445571175,0.04034977062192062,0.00943392227605101,0.026927555776742804
Tanzania,-0.006087482478970719,0.007303067805404553,-0.015228965070733534,0.012410125865479222,-0.007679743547718825,0.006371190749339713,-0.011620066273533972,0.008133984514617661,-0.008576690740235784,0.0160870725166659,-0.018350183484486755,0.019516513221279914,-0.009496837740488307,0.014696357633974628,-0.010687416283964433,0.012923291765871345
Thailand,0.012219616487192494,0.006301298978690045,0.006121397304465862,-0.009107322740238887,0.015074755943430695,0.0044709448595377475,0.005274246863978624,-0.00574474769166959,0.01786892234545159,0.010490167851708665,0.015769786728529724,-0.00802328009948889,0.0210463222053698,0.008799122628779871,0.012565987588672339,-0.003154134655512096
Togo,-0.026179014817962882,-0.018856581459050857,0.003962892574270386,-0.000322591852894243,-0.029161157460051285,-0.017455717340872916,0.004154296314649687,0.0007062853267548261,-0.059760897007212384,-0.03628994843861929,0.03765773471987198,0.03490167936795216,-0.059252840872319676,-0.03803766052373597,0.03914508957665613,0.03442149786606005
Tonga,-0.034516640945004506,0.014112791456443211,,,-0.037579351794521765,0.008851357929932947,,,-0.035858388883506793,0.02017356939227181,,,-0.042053475695936475,0.014170308146539329,,
Trinidad and Tobago,-0.016072997684009705,-0.009448889139380238,-0.02854076014274831,-0.033510557475797315,-0.017212085021849486,-0.006146819073523549,-0.03213125414920988,-0.028407968771945943,-0.015160187744138574,-0.008510275951513702,-0.02717477688949417,-0.03732814207381809,-0.015417013098076297,-0.004425413119510171,-0.03377400156355646,-0.029112650850838785
Tunisia,-0.008428481600711772,-0.0011000630358375771,-0.005737473118158539,-0.01654463147382819,-0.009690763857138877,-0.0012021792476182098,-0.010137582711450776,-0.013687190356535074,-0.01361847362223499,-0.0007366078949007088,0.002111921736667545,-0.01467991386483035,-0.012446240952530831,-0.0028285929896545497,-0.007635165149553922,-0.010257292842356451
Turkey,-0.009813325594774635,-0.02070514103566641,-0.01653871752411261,-0.058162436610233105,-0.011957055055906173,-0.016903541316810843,-0.018019672322173656,-0.05332413125890254,-0.023809250687435453,-0.0390020837798245,-0.029657879278670023,-0.07522499866909106,-0.02616254840509238,-0.034126676288430094,-0.029179535525803112,-0.07418487701363934
Tuvalu,0.03287070309211008,0.03539380722079337,,,0.06667835303942826,0.025089800061933527,,,0.06791902105691336,0.025302368183819257,,,0.10444122292877478,0.0239094066225507,,
USSR,-0.03763683778418095,0.05555064182695702,,,-0.0008827626521953255,0.048303670074968046,,,-0.0528193108370085,0.04172277554237221,,,-0.021869793709699863,0.03717783417511069,,
Uganda,0.011093278844009095,0.01147531556614136,0.007673673341568024,0.030088909296445913,0.012688337191840135,0.010608003694852788,0.00571836936665718,0.026944135563920765,0.027308943014238782,0.019776347028201854,0.010069611903559757,0.03589904181093694,0.027898153652636704,0.020792337943652775,0.0065223439880374426,0.0338962393560126
Ukraine,-0.004998872153108467,-0.005310269283171164,-0.005524402119434839,-0.012621779611247332,-0.002591400238385715,-0.006416453970517526,-0.008074133907989799,-0.009697000983381165,-0.01373627936756973,-0.01524947820978078,-0.009367030835809387,-0.020320190584345647,-0.007762686957006072,-0.018332996887763634,-0.013550557665104313,-0.01605796314009586
United Arab Emirates,0.007956547013055532,0.012268583385915948,-0.0011539699214326415,0.004252815395024834,0.009252896349856321,0.014056699984439125,-0.0008772241743756605,0.002936347693354965,0.014692348424604002,0.001662566941544852,-0.001580201266904003,0.006087178380059061,0.008083445980471605,0.016886746364148452,-0.0003114611349627776,0.004004640152327645
United Kingdom,0.012305451177257707,0.0026651055732950916,0.025675780525477296,0.024905448401533057,0.014732639500602242,0.0018454083245258526,0.027744312371660747,0.023114147145860797,0.018812475123460508,0.005463292391718959,0.03870397494779669,0.037993745307274694,0.02195025348740148,0.003947342553442179,0.04025385469741965,0.03596095942379177
United States,-0.004878360978313754,0.015206569678197328,0.0011264961070416332,0.021832750841933805,-0.002468309982129177,0.012372628201739603,0.0027056832684836194,0.017980635203123513,-0.01184012935576838,0.01786058523570447,0.005037269339061197,0.031896408253787506,-0.00777275375990295,0.014330346615498533,0.006721422619875227,0.02821340411045637
Uruguay,-0.013351116357151593,0.0018710728908920874,0.008419632954933491,0.01360439482711144,-0.01340605488895762,0.0020989963778022024,0.0075384766986710434,0.01287171890012543,-0.02154795281129585,0.0015048437825102479,0.01909680247854137,0.020024324601326873,-0.02124406283112164,0.002087911508750468,0.016375751782810703,0.020730664135906244
Vanuatu,0.09607339586294289,0.052996375114196866,0.035368368352825814,-0.11728365914356842,0.09122243550894793,0.0596837936568618,0.07632601374819711,-0.07632601374819711,0.25117326969874904,0.12929996555082302,0.10527641296741844,-0.3745903368534084,0.23728436221257482,0.1493816940011999,0.23993337491041344,-0.23993337491041344
"Venezuela, RB",0.011555957055639577,0.006041027972232667,0.017075520954075833,0.006994521338867559,0.013044812598824795,0.007354658771222986,0.015020249017620033,0.008152621744851955,0.015522130594935336,0.00894406079421763,0.02278384700160142,0.0053718656219026335,0.020122935158268167,0.008616911646753819,0.017111368563615326,0.008849502355693116
"Yemen, Rep.",0.011911916289422701,0.00968148955874961,0.017217900552608346,0.0009520484335292693,0.014046395150243649,0.00814883242329772,0.014230206041653147,0.005038684170982906,0.03199359723904377,0.02423888053540219,0.027488755831355988,-0.017819993425903412,0.03777114763246316,0.02016765407498685,0.018353160984282368,-0.008696277887828965
Yugoslav SFR,-0.09795186961274946,-0.04014368759604595,,,-0.10601691293910134,-0.025952541302017164,,,-0.08788847367964842,-0.024588892653737038,,,-0.09223530126378982,-0.012850169663183243,,
Zambia,0.0005027367893666702,-0.014453687017309532,-0.016516697868288775,-0.0602437166293255,0.0016540450822272942,-0.012934403267727133,-0.020955857135967433,-0.05507274616474046,0.0021859741291957477,-0.02899834922841836,-0.03026683312516908,-0.06637474842775683,0.00469453162177068,-0.028774234902633495,-0.03226012809480059,-0.06402040769366742
Zimbabwe,0.004071358585306281,0.014240398057586715,-0.007968785596071455,-0.0026745119948019566,0.001903656179535071,0.014460756640192857,-0.010273109238069003,-0.0010284567479978608,0.0027630373839944234,0.015419121466464321,-0.018469523006032152,-0.008623617880787008,-0.0019372776698628,0.01805815836288647,-0.020152902323131935,-0.006200941614239486
American Samoa,,,-0.05248941352434371,-0.0021928705108194098,,,-0.039347277634834955,-0.026386744815011517,,,-0.052100144072045315,0.03869880057628752,,,-0.03345919300809426,0.007541007708011328
Andorra,,,-0.09858083307438088,-0.10126027803030585,,,-0.09992055555234339,-0.09992055555234339,,,-0.056149455658779795,-0.030830676761746112,,,-0.043490066210262954,-0.043490066210262954
Angola,,,-0.024553021664843317,-0.026075638273314796,,,-0.008254349590533453,-0.037450957023462066,,,-0.07491733272288835,-0.11593507017336632,,,-0.06430036039580435,-0.11869932555778151
British Virgin Islands,,,-0.02056959647150218,-0.007969992106090529,,,-0.0196694088192994,-0.008232493129613406,,,-0.041668053760399074,-0.04315021487072053,,,-0.04873948246586682,-0.03636666117973524
Cayman Islands,,,-0.14695234698357815,-0.07290784486671456,,,-0.15766181537560828,-0.05972174341155326,,,-0.3520561617150359,-0.19653993745610251,,,-0.3899672029433398,-0.15485732520695786
Chad,,,0.00755797183262381,0.007251889994970718,,,0.004583342597456876,0.008507582917482813,,,0.009622886008461638,0.006632040234381259,,,0.005725939803883873,0.008821837825802816
Dominican Republic,,,0.014184358510112651,0.01587536294728042,,,0.01861874725495047,0.012557375634311883,,,0.024333208903888667,0.024392927608545483,,,0.029033464952515298,0.022253031009473546
Equatorial Guinea,,,,-0.02812717893809812,,,,-0.015376194107810917,,,,-0.10315079814428885,,,,-0.05997694539417444
Eritrea,,,0.023565186091257812,0.08914619592735251,,,0.046393590983660686,0.05848099880962047,,,0.05360415356411513,0.20158641305720923,,,0.1209705946934772,0.13076320017752452
Gibraltar,,,,,,,,,,,,,,,,
Guam,,,-0.00734195391552189,-0.00227012280105314,,,-0.0029770614057558734,-0.004863682642651809,,,-0.02514873420925178,-0.03126292419838146,,,-0.0263709173356439,-0.02800314096286805
Guinea-Bissau,,,-0.07757410964652998,-0.029991610388175344,,,-0.07547658117192743,-0.03508488590463119,,,-0.12164455770438892,-0.03673888469985323,,,-0.11701441364648493,-0.04484581984176762
Haiti,,,0.005533541765009692,0.006054398123168164,,,0.002314596218842115,0.007627262196429649,,,-0.0012831882893433275,0.006500698828088294,,,-0.004553606857616283,0.007862264650890278
Iraq,,,-0.006059694292296587,-0.00760764496311483,,,-0.009745241598299582,-0.004292991144219396,,,-0.004710275852475065,0.007503293788102632,,,-0.0025671850546881286,0.006001503182852297
Lao PDR,,,-0.02414635776999349,0.009899315733827154,,,-0.028955450689673513,0.00874448789655694,,,-0.034851589318738586,0.011269903919883906,,,-0.04174710016337002,0.013081263586796737
Lesotho,,,-0.0701668466546398,-0.012091717266699576,,,-0.08296132274358606,-0.008301284091422848,,,-0.11371433950362289,-0.03231703739927965,,,-0.12392978991064732,-0.01909365490424881
Liberia,,,-0.04380131611855666,-0.007892566927658521,,,-0.04235455156671705,-0.009020047502328533,,,-0.02169211956009582,-0.0031136391132144054,,,-0.02524356588157764,0.007270268681279939
Liechtenstein,,,,,,,,,,,,,,,,
Marshall Islands,,,-0.059767495240240595,-0.03250203184040081,,,-0.046134763540320714,-0.046134763540320714,,,-0.11756465059517224,-0.053370128239018766,,,-0.08546738941709552,-0.08546738941709552
"Micronesia, Fed. Sts.",,,,,,,,,,,,,,,,
Monaco,,,-0.062205459125878826,-0.18437861085543059,,,-0.12329203499065469,-0.12329203499065469,,,-0.06886903138890559,-0.24509251765768852,,,-0.15698077452329706,-0.15698077452329706
Mozambique,,,-0.020143561006054085,0.006262153397408254,,,-0.01851840825706066,0.007104785578944021,,,-0.03568518111361541,0.018094945438390592,,,-0.032191887408445544,0.017048145464297778
Myanmar,,,-0.020111774026194105,-0.013354414083414479,,,-0.022760952223680537,-0.012633625192626488,,,-0.026244427094188283,-0.015746493133058103,,,-0.027731416902398512,-0.01523675847148935
Nauru,,,,,,,,,,,,,,,,
Palau,,,,,,,,,,,,,,,,
Puerto Rico,,,-0.015960104068639548,-0.03106594397155887,,,-0.019551302492904547,-0.0268400907474733,,,-0.02111831043164888,-0.03586116587759294,,,-0.024573163253167666,-0.03264540955682604
Samoa,,,0.0354423701581857,0.003075377256821547,,,0.02573197454582873,0.00969883333021845,,,0.08523009630251958,0.010643676203493862,,,0.06353314164948033,0.026685417220117587
San Marino,,,,,,,,,,,,,,,,
Somalia,,,0.007938794252656764,0.03686288526340197,,,0.023987807341191724,0.02991779371609239,,,0.019530970333927332,0.03171553631048878,,,0.04984060784773893,0.026697736601615885
South Sudan,,,0.003937813916285546,0.04219076840714718,,,0.023064291161716377,0.023064291161716377,,,0.025204638966090043,0.15472619721643327,,,0.08996541809126166,0.08996541809126166
Sudan,,,-0.008748650745218458,-0.025867754377625778,,,-0.0212707796714892,-0.015110782029297925,,,-0.031031654200157,-0.08915179477235202,,,-0.07109638670144583,-0.052566572183506285
Tajikistan,,,0.013583104291664493,0.02249252359306671,,,0.016004172176776955,0.020543667346247598,,,0.02908430064774603,0.037227865243146134,,,0.032689990288009424,0.036347276735224296
Timor-Leste,,,,,,,,,,,,,,,,
Turkmenistan,,,0.021619468949203982,0.01715087454313505,,,0.0182743550830741,0.02222450271945886,,,0.05578259536812251,0.05501238388325038,,,0.05079323802964483,0.06359526529604477
Turks and Caicos Islands,,,0.05397526909973759,0.04078117338003619,,,0.04671905626172261,0.047247310656683215,,,0.06419065197316054,0.02999973430010881,,,0.04530055508657102,0.048135268166537265
Uzbekistan,,,-0.00019850266622706397,0.0038196806898652164,,,-0.003289565498948037,0.003976963273502103,,,0.0063976708161126985,0.00988803906836724,,,0.002706494660409755,0.009127225253272734
Vietnam,,,-0.03148454217569423,-0.05257946432199535,,,-0.03638321475785878,-0.04596658529596552,,,-0.04745561403511983,-0.07464602178596974,,,-0.05048488054633008,-0.06848942703126906
Virgin Islands (U.S.),,,,,,,,,,,,,,,,
