,distance_af_in_pr,distance_af_in_vl,distance_af_ex_pr,distance_af_ex_vl,distance_af_in_pr2,distance_af_in_vl2,distance_af_ex_pr2,distance_af_ex_vl2
Afghanistan,-0.04140393058415339,-0.004488458933235651,0.03606284513314269,0.030888620282487116,-0.023336213914046926,-0.02116858857797774,0.03750440454992757,0.03293910252437953
Albania,-0.0060571412221768275,0.005703296305518193,0.0004140085828225315,-0.020625130666416802,-0.00580201076635976,0.006509777841185948,0.00898190352427999,-0.02881324072175879
Algeria,0.0066905512666658815,0.013130073369712766,-0.012449846993523592,-0.00865357842395517,0.0035947641466469293,0.015411721116135525,-0.008884251206076858,-0.014714273149123172
Antigua and Barbuda,0.010238837585503964,0.005593741021294551,0.012038558788247276,0.025776877553054963,0.012458187213054894,0.00561313975974775,0.012575657718639064,0.024955085354274178
Argentina,0.012844215950862697,0.009506417194867415,0.00046272468864747354,-0.0005681144872039337,0.014190426963864055,0.008051305801675825,-0.0017096941017655598,0.00014337069271599836
Armenia,0.004830088810166878,0.005739059639584327,0.012178302885703396,0.017930200494045635,0.00507177092194467,0.0071186318376464264,0.029853046335791122,0.009387974203799374
Aruba,0.012577920071249606,0.01290434109923062,0.028393005841820956,0.045369595428099624,0.011342452614270363,0.014436576534727939,0.024892335825222236,0.04978088544132735
Australia,-0.018439885148383354,-0.02235388984845773,-0.0059156465035116925,0.0034201873788287204,-0.01678858363507605,-0.022718966664843628,-0.007673417375021521,0.005296428202248693
Austria,-0.02138490249455354,-0.03547893920882282,0.0031273637910807692,0.00017285126497940275,-0.022559964774543067,-0.033191815836822396,0.002486968744736404,0.0003661009914291809
Azerbaijan,-0.002393467961177495,0.0018205046691556282,-0.00503282282902699,-0.014605966644700165,7.712185418969324e-05,0.0025600533386433487,-0.0075745692969222895,-0.017126370462930696
"Bahamas, The",-0.01957872005339656,-0.025637777959451862,0.023739518715981633,0.05355908397051334,-0.020808323721997677,-0.020215799725817545,0.031008480677589517,0.043722563017416595
Bahrain,-0.008137564093796781,-0.00481212244152314,0.008337817878756466,0.007177303303574175,-0.010248345025152721,-0.0033155575182035935,0.0069540024672995054,0.010048172654871264
Bangladesh,0.03589762780014459,0.02056241828069561,0.01467296073909337,0.02494024908054546,0.032041999746798853,0.024918660856507728,0.015609605198588842,0.021977194879902906
Barbados,0.005646406015392164,-0.020481959405453914,0.03259132699576169,0.006455111325965328,0.005165763899152815,-0.0199740231383762,0.028237319470373074,0.0069571480110268875
Belgium,0.0015745233881440427,0.009395817269623772,-0.007859968739861917,0.004145613655741124,0.0038502223312161326,0.0076827891117831415,-0.007181230497272378,0.002704981676095447
Belgium-Luxembourg,0.01090130762481644,-0.0034028340320666687,0.0011096750854872992,-0.02639246752505966,0.008629613700363815,0.0003480107373829347,-0.003847353853176539,-0.021893702464438336
Belize,0.005976769560188444,-0.000300646998271666,0.020682045928652335,0.014531289653726085,0.0197083907941306,-0.0056784772274316555,0.016619769887523842,0.01860384472201504
Benin,-0.01680976455385304,-0.010174088023675096,0.017515150635132114,0.0023981552947303004,-0.015908474460282113,-0.010924069630751895,0.017263993317748094,0.0015800994291115661
Bermuda,0.0024186591885465717,-0.012857888217990693,0.0667708564934421,0.07837834081834502,0.006012887974593491,-0.008605313224894055,0.06447280378485586,0.07578557953187175
Bhutan,0.007824374451065135,-0.02642310031859992,0.0006168727826013791,0.02543183051994578,0.008353078093469647,-0.019269055922786563,0.012096364087060003,0.014022938864514225
Bolivia,0.008860184636716888,-0.0009463437526038514,0.03979600345159594,0.07379081789930739,0.009263049392869234,-0.0012209977340857437,0.04513354676423546,0.06522808321709245
Bosnia and Herzegovina,-0.005295565863459517,-0.001024430523191251,-0.003102660596094387,-0.0044603722701391756,-0.004941389960303954,-0.0014035871929084895,-0.008486269442478505,0.0015913378902563252
Botswana,0.003873371789651547,0.005531226692296533,0.05146241412287512,-0.034282869691896235,0.0024493302695909173,0.006875116856539857,0.046089451539209216,-0.030051448647924993
Brazil,-0.01801862381439648,-0.019634328889587375,-0.018461686426583645,-0.01134586908276331,-0.016869028177010758,-0.02105502986100596,-0.02022545500507944,-0.010987941418499842
Brunei,0.015896542964637918,0.022866912983120546,0.10426545699505921,0.16492338040455454,0.018743374197944404,0.018876420519651736,0.09961164221518783,0.1584498040564281
Bulgaria,0.014843082336604009,0.030074304071030525,-0.0035913934879983874,-0.005673590968784611,0.023194917431815083,0.022210002353791086,-0.004822930185578815,-0.004756207334445963
Burkina Faso,-0.006689247155895936,0.0037265109642895355,-0.03374061722280229,0.03762876882590733,-0.0031938014028370567,-0.000736497600234272,-0.023736304086213102,0.029996237912137493
Burundi,-0.010499950811257716,0.0014930415409471838,0.021638262592165385,-0.005236609922016662,-0.012243081780141682,0.0009099182156713479,0.020941540503362648,-0.005851990650370577
Byelarus,0.02416690435189534,0.02075313023784113,-0.012228975118927671,-0.012280172751758784,0.022142687456271005,0.021898635246712168,-0.015644993711694463,-0.011402545293934025
Cambodia,0.017626776636349255,0.022392209685424314,0.044412348969683185,0.0504905818005186,0.01971242468412492,0.01955557813993349,0.05214460975129371,0.0425291038297332
Cameroon,-0.015357009016449001,-0.014499914664076201,0.006643429889369324,0.008559763800121134,-0.018111845105905685,-0.008833038791848633,0.00719898507805178,0.006805070971521365
Canada,0.004169481264447606,0.007460848727086093,0.004142678357583741,0.005589826409110249,0.004587055006873153,0.00765074616377198,0.004166683736715743,0.005067724906538209
Cape Verde,-0.02291158791885627,-0.022674590969724216,-0.0257706730071227,-0.002876148935055501,-0.022610466304584267,-0.024987567107347085,-0.014323410971089093,-0.014323410971089093
Central African Republic,0.0012320970225973896,-0.01155693710784001,0.38005836456248016,0.3933029134096919,0.005729680884888212,-0.01057185742104494,0.386680638986086,0.386680638986086
Chile,-0.03001824847358061,-0.03426819306126382,0.011523928367970598,0.02059039235184592,-0.03131080467771062,-0.03250726556331154,0.012411077074589454,0.018352099861206648
China,0.0443971380876835,0.043475120290022456,0.008543155265511032,0.019091246280962336,0.04629855823232007,0.04235248677698386,0.009189247260454747,0.016646787221396335
"China, Hong Kong SAR",-0.013163178343573079,-0.004701642999007214,0.006684690086903245,-0.0031349917524046405,-0.011845157533077712,-0.005270620139239376,0.004998241086198208,-0.0017462207144737524
"China, Macao SAR",0.0068353695328606575,0.004132310003432895,-0.0376361104478135,-0.026496878079322998,0.0020145668615671967,0.009935160120602827,-0.03821708274005138,-0.027505136858879977
Colombia,0.023729446289706548,0.02592756044252244,-0.005031987846165117,0.014269802030618294,0.027483228375006826,0.021981024373991197,-0.003318983479597245,0.011310787041043617
Comoros,-0.006158423474180283,0.01672961225912154,,,0.004093044036727525,0.006608876178427224,,
Congo,0.03397033268833049,-0.007234723809886412,0.0019237809356009038,0.014701401354784632,0.029903119908557093,0.0025344268229825937,0.0055891655216954335,0.009826009986984201
Cook Islands,-0.0079187274972581,0.05261205522635954,,,-0.010891970027161907,0.039310961714216,,
Costa Rica,-0.048913987772841096,-0.05625165993914762,-0.0034253182839933203,-0.0011938442923607967,-0.052722010029319984,-0.05142432442647779,-0.008301942098999097,0.0032421564390358085
Cote d'Ivoire,-0.0014686940105088039,-0.0021670989081914293,0.044679636782787,0.031669357043517914,-0.0011459381057563078,-0.0011628422467244094,0.044808742557991235,0.03316255297652943
Croatia,0.0009273379681618943,0.009377267302952987,0.015481623706443355,0.024865483658364072,0.0019870164725469,0.007920419582577653,0.01442885613696731,0.027009134820786075
Cuba,0.041391756968616196,0.0029086239918167793,0.03508843020158541,-0.011969771047906714,0.05900090268401934,-3.876076071822054e-05,0.011559329576839354,0.011559329576839354
Cyprus,0.0008467403315459084,-0.015086420870955438,0.00723635510437503,0.019042752226029365,0.0013572720038806153,-0.014479804926274145,0.010422219227795484,0.015879262511168914
Czech Republic,-0.011141929078078866,-0.0077697404947061136,0.0045650475673094494,-0.002109387612473412,-0.010497546937351296,-0.00832358344537208,0.005496024488893909,-0.001276020048636693
Denmark,-0.0041220442378593816,-0.009347892360679016,-0.015205371581959332,-0.020601707846120546,-0.003982007440189551,-0.009114214066464819,-0.016177508629150083,-0.01978546358845187
Djibouti,-0.021735136699856373,0.0012888993506791314,-0.07950555170771866,-0.07274253882824633,-0.026329917277245735,0.009440160910202833,-0.07782867847776333,-0.07474328395734399
Dominica,-0.002371783099515527,0.0002861792778627124,0.07181863715362492,0.07418245016554564,0.004037107202467127,-0.0014574523091029478,0.06910426563587409,0.07463098658091326
Ecuador,0.007490074497283949,0.007771321889277255,0.0037886069268839046,0.004016340990611205,0.008377626694741696,0.006443729486374027,0.003126976899042887,0.0039560685177147704
Egypt,-0.01163698713838692,-0.020612284562335013,0.01612610873105608,0.004119934258646597,-0.012824078130663552,-0.017210226145644533,0.017297628876787412,0.002681778818705145
El Salvador,-0.0034959379795162387,-0.006069946908959764,-0.012907411925284194,0.006076805242601245,-0.0038579364938914895,-0.004292811091297276,-0.013471508233073826,0.006092705522965177
Estonia,-0.007410169596225108,-0.008297122786160446,-0.0040739212857287205,-0.008197043592086903,-0.006530610950780383,-0.008111698163759049,-0.005256726672285906,-0.00812268959971048
Ethiopia,0.007787868321918831,-0.005735821300498115,-0.000810409048847093,-3.280943491697988e-05,0.003655159857688725,-0.0009996019402453177,-0.0022264988991906004,0.0011433246151887886
Ethiopia PDR,-0.1758322524860383,-0.26405535511282807,0.05458811871068231,0.062353392365494496,-0.17271445928608267,-0.2599384033835932,0.0933720688807018,0.03802884040685225
Faroe Islands,-0.020187729836329,0.02221811880751055,,,-0.0028058501893823587,0.0042925849124523675,,
Fiji,0.006739426480452351,-0.02097115869232521,0.004465279210896184,-0.013822007621554902,0.0036003491984387,-0.01772704622094155,0.0010240686920053573,-0.010821307108292676
Finland,0.006519470721912248,0.0107103798692941,0.03534018442228325,0.05715690326749895,0.010526395103155577,0.0070191663086503885,0.040788498576954144,0.049573068026875375
France,0.014896508673378666,0.019173713646705875,0.006686357858000562,0.03545435736050254,0.017039588058547283,0.017207024439747413,0.0071409592446362545,0.03214875353855274
French Guiana,0.0020600422956522763,-0.010791504045040892,0.0392351879030145,0.013997131562286774,0.0012675302270195548,-0.00751212376166331,0.030888022383570014,0.022079808279936865
French Polynesia,-0.0009530498677264639,0.004059601209526035,,,-0.0009670529230386866,0.005214991187708232,,
Gabon,-0.021633497340465907,-0.01834501550393074,0.0463535519170356,0.04431647937789361,-0.022218351220190967,-0.018412082751131927,0.04034650068068754,0.0500516672168331
"Gambia, The",0.04735516348345877,0.0391692790900132,-0.08307515848934356,-0.09304436765405379,0.04192819773855533,0.0387221493041213,-0.08530479818306452,-0.08933242801999676
Georgia,6.542022095380143e-05,0.0012447429024864951,0.05521337246535629,0.04218614538503545,-0.0010938835063167753,0.004539214552460348,0.05386605756155426,0.04350055517121904
Germany,-0.011869854368526798,-0.011541407993149613,0.01630225576982627,0.014734472023323874,-0.01259396978716428,-0.010698679467061663,0.01610709772887276,0.014619903785808816
Ghana,0.001321022491082807,0.00249511095837554,-0.04768503317961212,-0.025743294393831183,-5.436475744238824e-05,0.004281226237483804,-0.053683959655936996,-0.023488209309797687
Greece,0.010976770475523322,0.0031277269722673954,0.015480933162440971,-0.00457229305821194,0.012069433620770021,0.001719177840592119,0.011915158992134805,8.330678353368344e-05
Greenland,0.03963336809238738,0.02185390262004326,0.016938075971683893,0.02039554048327536,0.05097034621326154,0.020271695803312763,0.022108647883772356,0.01594554540156301
Grenada,-0.13936267742292038,-0.08984224735910258,0.025415722432873915,0.09456880284141568,-0.1397368631159652,-0.08833073094165,0.02421778294076388,0.08957009658102329
Guadeloupe,-0.03542114799086087,-0.006813804909760841,0.1069216906629915,0.22860615638139956,-0.02910053199707905,-0.014893328938147423,0.12766761447173475,0.20042972164850004
Guatemala,0.019974785986966545,0.015987329797132663,-0.01209011692742496,0.009802192373933946,0.01850563838414187,0.020037238671000022,-0.012219945108730739,0.00745120354454685
Guinea,0.03697688446816378,0.004109847698152805,0.02773202065911056,-0.005923789832372681,0.04158517084039152,0.0037914338949498988,0.016115153538274196,0.005641934517671527
Guyana,-0.008257503574496465,-0.009390528164303113,0.01924981165475371,0.07842669843612222,-0.0064371983944659485,-0.008548364204965464,0.017530230752355585,0.07643351275655028
Honduras,0.004492178524734612,0.007926326615319036,0.006879935730150003,0.026352236781507898,0.004501145785925558,0.009265027867074754,0.004326975872801249,0.02905881686942988
Hungary,-0.003524916972431414,-0.00702177543575429,0.023319275900884142,0.034161553143374,-0.005406432473169046,-0.004827905688324883,0.02599303650945211,0.031030360680025404
Iceland,0.006853284383690252,-0.011720968294266032,0.03682159930076433,0.053059339793310005,0.005895935676216432,-0.00960190307057962,0.036160158667752844,0.04645052326901051
India,0.006521829011520862,0.01243323888784719,0.019472864235427722,0.012645072561441019,0.007611146228784118,0.011054443641018446,0.019828852815760876,0.011808618982235732
Indonesia,0.01725025873351833,0.011648309456990448,-0.004911928195096376,-0.0006045038998813756,0.01801372816329486,0.011989147399308392,-0.00459946450588884,-0.001155354851261924
Iran,0.048686619086360766,0.07673868880482511,0.005146526743370296,0.012195556485674046,0.06815806002959021,0.05976271075622954,0.00566236807254078,0.012552702489316643
Ireland,0.006829059180084295,-0.0028260416591023973,-0.0053004636936645685,-0.02076268539426761,0.0025378814489579295,0.0013000761191412286,-0.011325461310289433,-0.016611734438607573
Israel,0.009337836855604036,0.01583095655642578,0.03445831089697501,0.04721041697918321,0.011922165864325547,0.014538797207968907,0.037273976246347165,0.040140574659276715
Italy,-0.000976099230450492,-0.02649234024537509,-0.002855486068583408,-0.0020084170398832644,-0.00104057907186522,-0.024749019959292438,-0.0037004603747423414,-0.0012563120174792443
Jamaica,-0.02082222357562438,-0.02546910284035146,-0.028228421900732194,-0.022783450204075722,-0.011950307469349664,-0.022724411294657854,-0.029261258236047662,-0.022092066917537848
Japan,-0.017722229062388968,-0.018402098874391867,0.00322750980881596,0.00965347268187867,-0.018876028091057286,-0.016345822346768738,0.004110988640268379,0.008836968141318575
Jordan,-0.005749362475991029,0.010699641661916013,-0.07724550810134,-0.04480498476212966,-0.005478366238062059,0.010821782115031752,-0.07027101683193765,-0.05249994231627141
Kazakhstan,0.017775662986445243,0.0030116742569482975,0.03297527479095519,0.03360399244977448,0.010760458273033876,0.009672852715929733,0.034927721923426074,0.02988809296591607
Kenya,-0.018249904334736465,0.00886880398639621,-0.00919090020402067,-0.007866182487236703,-0.013256890015723355,0.004402397498965517,-0.00967328038117893,-0.00919713416612222
Kiribati,0.2930377968505581,0.15942750256848456,,,0.284248953844839,0.1633795260552531,,
Kuwait,0.015688775100764118,0.053688937736763934,-0.03407103086574993,-0.03182786317312711,0.014028239344694212,0.04712451202669051,-0.03902809684894698,-0.02711340885707276
Kyrgyzstan,0.0005769188102748439,-0.011290721491287299,0.026855650482070496,0.013258135259609278,-0.002552896504110192,-0.007499990109372018,0.019963682298294948,0.016659372260348946
Latvia,-0.022146742919149885,-0.027960802619169906,-0.004744694572373366,-0.0035417830301787004,-0.02193011410797067,-0.027398279790397308,-0.003976695861287768,-0.004783144412584166
Lebanon,0.01919533517700664,0.004081743184750292,0.0016937379758680574,0.0007792121055506039,0.01770005686899402,0.006561519843212206,0.002590605833914003,-0.0008831723376682121
Libya,0.08429303056855286,0.13308220024913545,0.021237564354767546,0.04411450831176577,0.09016350792116076,0.12885268235080738,0.02287342693854637,0.03928700016255838
Lithuania,-0.022025104418198695,-0.021171239432332522,0.000634180809121674,0.0011303378434124667,-0.01944773624795646,-0.022128084007517812,0.00013964967047029112,0.0014378082491451876
Luxembourg,-0.018522473551691513,-0.025599603988769128,-0.0011030578214414426,0.005027056087528936,-0.01599074600960321,-0.025984773050266294,-0.004419079319707134,0.0063099668324099805
Macedonia,0.014869905039009196,0.0004997092361867311,0.04934321600746231,0.04121848539999254,0.01241804172671861,0.002963399657887858,0.047278837811117996,0.043639240679522295
Madagascar,0.03038786915096255,0.033425007262406214,-0.014294537461242075,0.022559629690398937,0.03065789129181341,0.03416613806240677,-0.0196182754971986,0.02528634815901817
Malawi,-0.004051974580985273,0.005347364974714202,-0.020739915103283393,-0.006104518425309411,-0.005096775411203863,0.009126118303421037,-0.018700975561358617,-0.010519613051170995
Malaysia,0.014093804327884594,0.018954333921857008,-0.0004697716079932562,-0.013791776947726046,0.015698527510413004,0.017204860819919426,-0.000674196704127511,-0.012764136704222325
Maldives,0.033634859147150094,0.029054386730861678,0.009845433976551934,-0.032104588085208774,0.032001429001092555,0.03077947756300538,-0.005821951455713371,-0.009840225230863345
Mali,0.012569760714627317,0.00302475428952722,-0.0010987731152544476,-0.07132687469961528,0.014695072570564547,0.001353375146583418,-0.0023458579253775916,-0.06607074795946229
Malta,-0.015906672841840247,-0.006335746193251258,-0.009810837917509784,-0.03429386139688669,-0.013303813048334546,-0.006988066230347469,-0.005059516599917798,-0.04564020056592785
Martinique,0.019375863307312734,0.024990356890344914,-0.07963889824217854,-0.18506388378712765,0.019076287820837267,0.021617201689946457,-0.14766939190369038,-0.1249507620965031
Mauritania,-0.006090667420488162,-0.009657704203003497,0.011709476652884937,-0.03187583727039471,-0.010280961621136708,-0.004200480352200026,-0.014657017143182202,0.00043895740990865657
Mauritius,-0.012079240186960912,-0.013691707094180482,-0.0847296322344928,-0.06063503560979116,-0.0113938274424758,-0.014054780299737188,-0.08469768381922778,-0.059929600758094274
Mexico,0.001519260058355767,-0.017204316597514313,-0.017898761388993652,-0.02042354954218507,0.001749525003382504,-0.014962301168190554,-0.018659480770327776,-0.020912132720391212
Moldova,0.012363580244287844,-0.0016806170480408301,0.005855413320961016,0.008288864655790542,0.010498855409019939,0.0008179108826161049,0.005265947490232052,0.009809700319216038
Mongolia,0.002735912818607582,-0.005319212103931318,-0.007471405837949733,-0.005831138686323317,0.0014985528197139471,-0.003386614235978867,-0.005921492643620418,-0.003171156912238343
Montenegro,-0.020354206272466344,0.007872837963746205,0.00981481917740449,-0.0076998577330252655,-0.016789576358646266,0.007075166532860919,0.005586433477899173,-0.001571766193956381
Montserrat,0.01749003135643643,-0.016293776214713604,0.020040159068876875,-0.0005421227311009975,0.004056664346691001,0.0008613033765576886,0.015062652973986929,0.006879472811475982
Morocco,0.01061938411985494,0.005727197472359304,-0.04649479785774742,-0.0721081675978467,0.011476699134694728,0.005412189691358439,-0.04530442229812284,-0.07268210878750749
Namibia,-0.005101111062205586,-0.00833349370977369,0.02471389817970431,0.03581285485223286,-0.00853488868648431,-0.004696351130870305,0.03534534922110551,0.025381811559378662
Nepal,-0.01406750031733612,-0.017068635503869996,-0.021550063799292772,-0.037623024077494696,-0.015108795721619767,-0.01744981080118687,-0.023503777180640055,-0.0350060409444811
Netherlands,-0.010598173983974652,0.006861788648971869,-0.0017592946681397818,-0.007882820973151954,-0.009798224170681583,0.005769045841201544,-0.0033459305681328316,-0.006330022589796685
Netherlands Antilles,,,0.022348277906325213,0.06665491891893278,,,0.036150239853494144,0.05475887045639076
New Caledonia,0.01929176168268177,0.008815630155452859,0.012628431814792066,0.0032546533487960065,0.017641791431504347,0.010093759050201937,0.00842430416386672,0.00722285328166259
New Zealand,0.025067385000613746,0.008540000172574088,-0.00471015581438044,-0.0020879313955589535,0.026493658887727946,0.00699111762509154,-0.008929063333000985,0.0004378902355354256
Nicaragua,-0.007439356017581515,0.01008716368724753,-0.00012709651597549098,-0.011029672495364067,-0.006409256244000109,0.009148958839807184,-0.003213268024044445,-0.008079540377634321
Niger,-0.018671627853252423,-0.022063484998526155,0.024769750385848565,0.04793279556214928,-0.01758988473212544,-0.021971705143871364,0.02677444323517517,0.04332705003043367
Nigeria,-0.005251855615010952,0.0067712030891845885,-0.03405131064856511,-0.03247896659174957,-0.012113137057855366,0.007278655329530872,-0.03718593997218549,-0.029362629720224496
Norway,-0.026780016868821782,-0.009787291147124143,-0.030679754238039716,-0.0449514061353183,-0.029975731989435376,-0.0063927207448674275,-0.03281796116687939,-0.04223695923738728
Oman,0.021352692860917417,0.022182341630145843,-0.026074332483251705,-0.0327185364883135,0.023732713764361254,0.02080241566980341,-0.023876147182931778,-0.03412256359532005
Pakistan,0.020195514624890998,0.016741386113024215,0.01039557304634264,0.004860295061070376,0.020792780031585974,0.01777639661225958,0.010747458299816763,0.0028083627371977707
Panama,-0.02148905620928258,-0.01409251366679499,-0.07354542799357248,-0.035531601412286035,-0.024898992480065954,-0.010721236752683504,-0.07112568218989672,-0.038754075537050355
Papua New Guinea,0.03514519593877488,-0.02829286848501411,0.01259812746673241,0.06967511270006164,0.040169283029868844,-0.025726904850559926,0.01541566023862964,0.06350038052690923
Paraguay,-0.010098152927402394,0.021162976709424776,0.020920094812676673,0.01863340958051418,-0.006993406591615522,0.017304367034565532,0.022120004103949865,0.017627353061329027
Peru,0.014475648011527334,0.015592432786078183,0.008239058520828107,0.020410046231646498,0.015244197912198148,0.015929805791090684,0.012020341867930905,0.01602966624497944
Philippines,0.0036979118937408737,-0.01323484380445689,0.0033320940692609857,-0.0015913333380887674,0.0014793465314668376,-0.00978840671982319,0.001603359630606749,-0.0006138471823766237
Poland,-0.009949628449795906,-0.008257496553752807,-0.006825163318811529,-0.018574770141048934,-0.0061774634994500146,-0.00901715062890361,-0.010297421521305826,-0.014705398602890296
Portugal,-0.014139616520274288,-0.010491157966282201,0.012136985573112227,0.008867510135608579,-0.012103632033841369,-0.011493093434833212,0.009418973280501935,0.009815302779715861
Qatar,0.015415222472803655,0.01977276955161393,0.01436285380015446,0.09947564099648136,0.01634948121572573,0.018959560095087494,0.014674001650343431,0.09312555352909326
Romania,-0.02645754891194862,-0.022717454050869355,0.01938744212548687,0.023641679193039562,-0.02748041562177706,-0.021381825405359583,0.019960424888566777,0.020702080116275293
Russia,-0.0026416447172642856,0.007262789782125783,-0.005362482330511839,0.004318081420667489,-0.0016476023384935454,0.007598235437781535,-0.005259434204396662,0.002426336866522529
Rwanda,0.009201384545184816,0.017232520060231182,0.028972278525951578,0.06635228490461746,0.009953642480136063,0.016377477041346927,0.029496098086188232,0.07687520296148403
RÃ©union,-0.13608570474924914,-0.2259395294983153,0.05502309583957439,0.02137128135330829,-0.1589204082002789,-0.1955567719980555,0.06333921180210807,0.015042243531350138
Sao Tome and Principe,-0.020409468856532484,-0.04948616039420389,0.01282397006267897,0.12160008616279849,-0.026620120487908783,-0.041190308074038506,-0.04457646117290841,0.05672592777994458
Saudi Arabia,0.022285680361503208,0.047870005403830976,0.026617339699446747,-0.0002491883403656731,0.02549040727948734,0.04448775224485964,0.029942962768565184,-0.0003585901716332203
Senegal,-0.0414534366084936,-0.018491896312513304,0.0837391805991588,0.09067178679119901,-0.038213723272572456,-0.020107477369689077,0.09455179822277648,0.08139214270196359
Serbia,-0.022442074240002465,0.00801576044981797,0.007973916724966962,0.014612434160154552,-0.02035069525687112,0.010270616894732302,0.011369500075881677,0.010721994632765484
Serbia and Montenegro,0.06575219989075456,0.0335650689252638,0.001521105458312287,0.007222717159914487,0.0615519619455247,0.03591388538412651,0.003935011311398135,0.003409290225150266
Seychelles,0.02656793845985868,0.035998454565323336,0.0,0.0,0.03730348744217234,0.025343954525437622,0.0,0.0
Sierra Leone,0.025200877543144585,-0.00033999363543833067,-0.015912625390927977,-0.09491383415295417,0.030610957647242962,0.000166237476714975,-0.02139900254269251,-0.08060818978886114
Singapore,-0.011059291160981977,-0.005202691313026595,0.005586861712975919,-0.014210987192434998,-0.011292786936329312,-0.005449897815314306,0.002879268169194737,-0.010803668570391441
Slovakia,-0.0485826510899997,-0.05023815792841615,-0.002024463035117527,-0.0027732748127893806,-0.05005649891072137,-0.048976502984120686,-0.0021802589920688806,-0.002621031507302389
Slovenia,0.023737455378774856,0.02036227141198382,0.001329600691981752,-0.00335284945700701,0.027001573106453052,0.01584957299262716,-0.0008765672837215099,-0.0019266175970399325
Solomon Islands,0.04163317263123944,0.0302791150079757,0.06462093590197096,-0.02631647560987138,0.0417235903063468,0.03400141555905083,0.019152230146049803,0.019152230146049803
South Africa,0.013188251000647131,0.006722986416541566,-0.010046818451666039,0.003860614697704366,0.012270180990127668,0.0067399790232414965,-0.012368214160641388,0.004383402790542061
South Korea,-0.005522112833248449,0.0026232188997892176,-0.0057281920723269986,0.0017067457558940474,-0.0062331275891558385,0.0029970456534265865,-0.005894021720220203,0.002740450995547271
Spain,0.013166983118078896,0.007085060525523603,-0.009485657157925667,0.024764672241298614,0.013591130201534612,0.00749028605238788,-0.007501284244342926,0.021286336361861356
Sri Lanka,-0.010940597375401317,0.007246793610552855,-0.002535707131134061,-0.024381930550930003,-0.0070166438197303395,0.006050106586109758,-0.005776611953201223,-0.02058221533750919
St. Kitts and Nevis,0.01615228075714977,-0.0144898996078903,0.042667852821566654,0.07504204522869393,0.01689898836206429,-0.01488478337750349,0.07868750327066668,0.050154671366413606
St. Lucia,-0.0038260216744982396,0.044322384363313275,,,-0.004492213935692991,0.04278509448921645,,
St. Vincent and the Grenadines,-0.0007571268045387841,-0.0005740514709965242,-0.029832781896387404,-0.029554442240069312,-0.001528839527080994,-0.0012608038685582175,-0.029547297688581206,-0.03044990177211329
Sudan,0.002293693616699128,0.007331525612322627,0.044428346720169244,0.04873160765277013,0.005318654275249787,0.0027596053927708467,0.04427816135299524,0.048336589254425265
Suriname,0.026994467828689184,0.005230167259206427,0.018719549736454046,0.005820505110384571,0.00993358683266791,0.020600992801363713,0.006867755441835968,0.0178035631592173
Swaziland,-0.010580598829696126,0.0035209819986239794,0.033391488459422955,0.015475941512693967,-0.009967799649389328,0.0020224622683221423,0.055100914500059814,0.014681631477467573
Sweden,0.010428907923570525,0.011486640818310863,0.007007545899824046,0.013458855921526871,0.011687182341351425,0.01040134887825577,0.0079071118377859,0.011732859290376395
Switzerland,-0.008521673350379441,-0.0031207014996664103,0.0188597727458224,0.01094959224389727,-0.007859859148374133,-0.004401893620319064,0.019885856301236488,0.009618309374253238
Syria,0.06507250254306053,0.05179065928593849,0.005726358927529068,0.014430112338049623,0.06466933738766116,0.055844578939417605,0.004222836852221614,0.014438863897221585
Taiwan,-0.02356718306752886,-0.009848850750767678,0.02983353260864905,0.05151454773725118,-0.023482749062201776,-0.01102032869512053,0.03327558279839369,0.048237601269006024
"Tanzania, United Republic of",-0.005129241643945733,0.007047996794780572,-0.01319011169322355,0.016961815550997413,-0.005307590805243197,0.0071325273403320425,-0.006739331837439977,0.010406383650736723
Thailand,0.01074389725916652,0.009506407241833194,0.007343025152261932,-0.0074420981111926856,0.013856336994188265,0.007092590855327501,0.005616271606542288,-0.004755502020359607
Togo,-0.028025622409801804,-0.01308620207560424,0.014718311858658802,0.0070601607735105406,-0.024933566012938307,-0.015817896436979263,0.01259225601052727,0.009598458259878472
Tonga,-0.02937996618911208,0.01965623296347198,,,-0.030028471077071392,0.010310707758748802,,
Trinidad and Tobago,-0.009064146788883754,-0.001782897144158105,-0.023253953227579904,-0.034731391079149965,-0.009519417081839277,9.297248479895784e-05,-0.03021220918470285,-0.026507422239618657
Tunisia,-0.020608141709311682,-0.010695015370541716,-0.0012162833263809562,-0.013903194853705532,-0.020919365483830415,-0.01013779770924141,-0.008030676589135498,-0.01020004098318008
Turkey,-0.005058371451625815,-0.0031716538486308457,-0.01723622634952678,-0.05105531278680646,-0.00468037840432987,-0.0015123444437913,-0.01828985020982817,-0.0492197866060412
Tuvalu,0.033080891862008015,0.013547551387302495,,,0.0464434380581964,0.01282563595118171,,
USSR,0.01792680757067998,0.031026178503502783,0.005315753573462728,0.07861782228265429,0.027556765990802607,0.027762505601774633,0.005852104964393599,0.07210964921548482
Uganda,0.014435186508661008,0.010601832895010422,0.006148953587527829,0.025456784719241832,0.014330314476722672,0.010974087503582248,0.0033315093308027874,0.023994708612378773
Ukraine,-0.012741770029064717,-0.007601704797769906,-0.006331435391724551,-0.011912586860943687,-0.008779808788450121,-0.01047820217748241,-0.007638760495858472,-0.009907249708365304
United Arab Emirates,-0.006216220035218429,-0.00891223753040416,-0.0005735217142521082,0.0042541243171198215,-0.009848895705273442,-0.00290287331224931,-0.00023065253281010287,0.003329909587027727
United Kingdom,0.009943134231788012,-0.004529892849063558,0.025624074648117237,0.021675815919640355,0.011244814867388346,-0.004609858103830773,0.025827570039069454,0.021550383728559854
United States,-0.004522618457447036,0.008597958402465519,0.0008254343663368355,0.015105384924706622,-0.0017564649983767694,0.007336593672396272,0.0007349860262093263,0.014139426521788446
Uruguay,-0.015236053591191774,-0.0017606315413139053,0.011091677335382265,0.013054438814880607,-0.01541365360274333,-0.00036491975553354746,0.00946072238894506,0.013159590204897731
Vanuatu,0.12619092920965674,0.05653416324292737,0.03641443953045488,-0.13975779867659718,0.10896108908432844,0.07176644354561793,0.08808611910352604,-0.08808611910352604
Venezuela,0.011532924380576808,0.015415151086766858,0.01469970448532901,0.009222313098588526,0.014374759863480623,0.013800686106654905,0.013780694844239567,0.008402515678329184
Yemen,-0.003389600563673296,-0.002572106331980684,0.011332719221379831,0.01153742171937534,-0.003541856695797159,-0.0024572704810483306,0.008478339554699194,0.007342867274718252
Yugoslav SFR,-0.0019850551124144383,-0.18138694586018383,-0.05264925398918675,-0.05950386358532374,-0.017285370024602634,-0.14390110565560993,-0.04975908299256846,-0.05970072868537657
Zambia,0.0013059697486708913,-0.010854635594782166,-0.01753050932571052,-0.05310361714945796,0.00263968841055525,-0.012235594726086004,-0.02098770757432404,-0.04949524337431678
Zimbabwe,0.014096093904390124,0.032297837062771485,-0.009514663724287619,-0.0015639420929202791,0.014921531417384941,0.02941263682728232,-0.0094162070365572,-0.0009140135531934638
American Samoa,,,-0.04176709874679644,-0.0020489405713745934,,,-0.0313023223428412,-0.01866384977566052
Andorra,,,-0.10338555277748401,-0.16176753225869425,,,-0.13257654251808915,-0.13257654251808915
Angola,,,-0.014960295436857398,0.022066617263045086,,,0.01553419752614254,-0.007700893403462338
Anguilla,,,,,,,,
Bouvet Island,,,,,,,,
British Indian Ocean Territory,,,-0.009898672718864687,-0.1882090796225259,,,-0.09905387617069533,-0.09905387617069533
British Virgin Islands,,,-0.02696606467786638,-0.020740605991929156,,,-0.02941692009044977,-0.018425007175925767
Cayman Islands,,,-0.16991442400510717,-0.08403025832065275,,,-0.17322076241763576,-0.06569713552623858
Chad,,,0.005114484591107705,0.00611067860443654,,,0.003011805870333799,0.0067349686927351575
Christmas Island,,,,,,,,
Cocos (Keeling) Islands,,,,,,,,
Czechoslovakia,,,-0.041184676234311914,-0.06580032658897637,,,-0.03385926926235275,-0.06602956005226296
Dominican Republic,,,0.016413666460432956,0.014035100519440423,,,0.014549139225235735,0.013821191382936943
Equatorial Guinea,,,,-0.03399272758843241,,,,-0.019544625821743832
Eritrea,,,0.01653849093588231,0.08034096605319443,,,0.04260118263651645,0.05142398747667458
Falkland Islands (Islas Malvinas),,,0.22645896008493005,0.14091092220228957,,,0.22232679466815908,0.1508564308473492
Federated States of Micronesia,,,,,,,,
Gibraltar,,,,,,,,
Guam,,,-0.012331117790254562,-0.0054732053693602135,,,-0.007858209619024474,-0.008987958368325662
Guinea-Bissau,,,-0.08619631393637787,-0.021423613073347603,,,-0.07325097998812886,-0.03335393804164189
Haiti,,,0.0041685355843297965,0.0030853377820559825,,,0.001897625447032244,0.005771706026618512
Holy See,,,,,,,,
Iraq,,,-0.0002904425537076131,-0.0027697243162400627,,,-0.003979432965983799,0.0013442953555257817
Johnston Atoll,,,,,,,,
Laos,,,-0.022514710049290117,0.00919302061681644,,,-0.025783884097058684,0.009223472885236542
Lesotho,,,-0.06804186431399076,-0.013055750696231794,,,-0.06942491079812421,-0.007599299138918417
Liberia,,,-0.03588841338886467,-0.003978952630682891,,,-0.047093596835285335,-0.005524386963013446
Liechtenstein,,,,,,,,
Marshall Islands,,,-0.06497403604628268,-0.03223775611917957,,,-0.04860589608273113,-0.04860589608273113
Mayotte,,,,,,,,
Midway Island,,,,,,,,
Monaco,,,-0.12152553411678435,-0.3611568580116684,,,-0.24134119606422638,-0.24134119606422638
Mozambique,,,-0.021362460147218848,0.008251076726252488,,,-0.019367555061285315,0.008363962759937334
Myanmar,,,-0.019521604398950683,-0.013012315625567601,,,-0.0208890234160805,-0.01260869051104666
Nauru,,,,,,,,
Niue,,,,,,,,
North Korea,,,-0.03632685183179948,-0.021731195903592272,,,-0.0372802655112723,-0.019919070447194116
Palau,,,,,,,,
Palestine,,,0.04719792419967678,0.1168968966611937,,,0.06258013102408029,0.09350363683416359
Pitcairn Islands,,,,,,,,
Puerto Rico,,,-0.012878549754761907,-0.02723521968340854,,,-0.015231653757387326,-0.025050708924935147
"Saint Helena, Ascension and Tristan da Cunha",,,,,,,,
Samoa,,,0.04641136840499132,0.00913959690585189,,,0.034017970071948865,0.016400234638864197
San Marino,,,,,,,,
Somalia,,,0.0030925220008449347,0.01861663371244592,,,0.01620225934799708,0.016175792518563
South Sudan,,,0.007644786082582886,0.05098909138264861,,,0.029316938732615747,0.029316938732615747
St. Pierre and Miquelon,,,,,,,,
Tajikistan,,,0.013098677005864303,0.016098312211311038,,,0.013833104315211564,0.016164532385339804
Timor-Leste,,,,,,,,
Tokelau,,,0.01971786951264869,-0.1669474339514488,,,-0.02280140566220963,-0.10677076885905158
Turkmenistan,,,0.030666441217167925,0.020738352447102218,,,0.023941174302065913,0.03015463715941385
Turks and Caicos Islands,,,0.051483759239842025,0.02914863857114743,,,0.03959683721744736,0.04057573008461521
US Minor Is.,,,,,,,,
Unspecified Area,,,0.017065767928514188,0.014434274893692148,,,0.015070051355914436,0.015520635981240654
Uzbekistan,,,0.0015223024553946598,0.004605196326437073,,,-0.0013547889444962705,0.004380907739210384
Vietnam,,,-0.03189943136710389,-0.04896605735614626,,,-0.0344573575207677,-0.045241470688309665
Virgin Islands (U.S.),,,,,,,,
Wallis and Futuna Islands,,,,,,,,
Western Sahara,,,,,,,,
